,Predicted,Actual
0,5906.2529296875,254.85000610351562
1,4869.4658203125,264.3599853515625
2,3376.6025390625,273.0
3,1566.593017578125,260.3500061035156
4,-482.6932067871094,264.4100036621094
5,-1599.697021484375,268.5
6,-1953.4891357421875,268.2900085449219
7,-1837.566650390625,274.8999938964844
8,-1307.576171875,277.0199890136719
9,-427.2033996582031,281.19000244140625
10,733.5018310546875,295.70001220703125
11,1314.7066650390625,285.3999938964844
12,1456.5777587890625,295.2900085449219
13,1255.0244140625,306.989990234375
14,703.83935546875,314.5199890136719
15,-23.03497314453125,322.0
16,-375.429931640625,319.07000732421875
17,-382.4817199707031,311.94000244140625
18,-158.0256805419922,337.3900146484375
19,309.8398132324219,392.4200134277344
20,923.4439086914062,483.0
21,1164.010009765625,388.8699951171875
22,1225.876953125,384.8999938964844
23,1043.9366455078125,380.989990234375
24,597.5184936523438,382.989990234375
25,-9.924883842468262,384.6700134277344
26,-203.48715209960938,353.94000244140625
27,-179.93896484375,308.3900146484375
28,85.13656616210938,329.0400085449219
29,542.7390747070312,331.19000244140625
30,716.4694213867188,332.3399963378906
31,636.2455444335938,319.8299865722656
32,349.83441162109375,321.3699951171875
33,-121.32450866699219,334.5799865722656
34,-322.3512878417969,333.8599853515625
35,-185.98988342285156,327.3800048828125
36,57.029876708984375,322.04998779296875
37,482.2251281738281,324.7099914550781
38,648.2075805664062,321.6099853515625
39,570.0777587890625,324.3800048828125
40,310.899658203125,321.0
41,287.83148193359375,324.989990234375
42,466.62432861328125,347.69000244140625
43,412.5962829589844,355.6600036621094
44,206.6654510498047,353.79998779296875
45,201.71658325195312,362.760009765625
46,362.4327087402344,375.30999755859375
47,617.5302734375,364.25
48,598.3449096679688,358.739990234375
49,473.7134094238281,360.5799865722656
50,195.9954376220703,361.4800109863281
51,125.89419555664062,377.6000061035156
52,207.70030212402344,392.75
53,456.35296630859375,396.010009765625
54,502.6269226074219,394.95001220703125
55,402.1548767089844,415.0899963378906
56,451.89129638671875,414.17999267578125
57,358.9790344238281,435.42999267578125
58,405.2728271484375,424.9200134277344
59,577.7442016601562,438.42999267578125
60,570.5250244140625,442.1499938964844
61,465.3565368652344,459.989990234375
62,239.5370330810547,458.1099853515625
63,170.05068969726562,457.3900146484375
64,231.8584747314453,459.5799865722656
65,427.1824645996094,461.989990234375
66,708.4508666992188,452.5
67,826.0076904296875,432.8299865722656
68,803.4697875976562,437.4100036621094
69,657.2926025390625,439.489990234375
70,393.7747802734375,456.25
71,289.6472473144531,454.4800109863281
72,318.58917236328125,423.5
73,470.4119873046875,419.04998779296875
74,478.8123779296875,423.7699890136719
75,359.96160888671875,428.3900146484375
76,376.7945251464844,426.0199890136719
77,519.2611694335938,423.5199890136719
78,516.1563110351562,431.5199890136719
79,393.8598327636719,432.0400085449219
80,408.90673828125,428.239990234375
81,540.8973388671875,434.2900085449219
82,538.2120361328125,433.17999267578125
83,415.7964172363281,431.42999267578125
84,455.6019592285156,454.5
85,386.9227294921875,454.07000732421875
86,437.93194580078125,449.510009765625
87,614.189453125,443.94000244140625
88,640.5377807617188,445.79998779296875
89,537.8827514648438,446.260009765625
90,344.2219543457031,429.82000732421875
91,287.31854248046875,430.95001220703125
92,354.5611267089844,393.1400146484375
93,545.407470703125,370.6000061035156
94,585.34814453125,385.1300048828125
95,492.3196105957031,386.0899963378906
96,283.0334777832031,383.1199951171875
97,229.9910125732422,411.6400146484375
98,294.9272155761719,415.0199890136719
99,469.9273681640625,395.6600036621094
100,502.1821594238281,386.0
101,336.6578674316406,400.20001220703125
102,376.03656005859375,396.75
103,524.6891479492188,392.0
104,538.3749389648438,394.0
105,431.06890869140625,383.30999755859375
106,214.3134307861328,378.75
107,143.14320373535156,378.8299865722656
108,201.4045867919922,377.4599914550781
109,373.1358947753906,374.4700012207031
110,484.9846496582031,374.79998779296875
111,462.5961608886719,370.3699951171875
112,291.067138671875,385.1700134277344
113,284.48431396484375,388.5
114,413.06866455078125,374.44000244140625
115,387.441650390625,375.5199890136719
116,247.13299560546875,375.7799987792969
117,264.833740234375,374.6199951171875
118,375.95428466796875,379.82000732421875
119,590.0602416992188,377.3500061035156
120,631.9894409179688,382.25
121,584.3114013671875,387.8999938964844
122,432.8243408203125,400.45001220703125
123,192.43954467773438,401.1499938964844
124,84.76416778564453,405.5299987792969
125,92.45361328125,418.8399963378906
126,199.61940002441406,417.489990234375
127,401.648193359375,419.5400085449219
128,676.7383422851562,430.0
129,822.2574462890625,430.8599853515625
130,852.8997192382812,437.5199890136719
131,781.9949340820312,421.8999938964844
132,617.6209106445312,423.9599914550781
133,372.0086364746094,422.42999267578125
134,252.62937927246094,424.5
135,243.5792999267578,431.4200134277344
136,345.51776123046875,432.8399963378906
137,519.0873413085938,436.0199890136719
138,556.8121948242188,432.6700134277344
139,513.5811157226562,430.4800109863281
140,380.286865234375,421.6000061035156
141,357.89874267578125,420.69000244140625
142,433.5241394042969,394.6600036621094
143,395.8002014160156,411.260009765625
144,468.8458251953125,410.25
145,427.71221923828125,411.79998779296875
146,300.3502502441406,412.0
147,282.7850341796875,415.9800109863281
148,360.7199401855469,420.9599914550781
149,529.9948120117188,409.6199951171875
150,571.7125854492188,412.5
151,509.5033874511719,413.7300109863281
152,363.9903564453125,415.25
153,329.93212890625,414.79998779296875
154,401.5089416503906,418.94000244140625
155,549.9134521484375,407.9800109863281
156,581.1760864257812,406.8999938964844
157,514.6011962890625,410.2799987792969
158,364.8047790527344,410.2900085449219
159,324.9621276855469,415.5199890136719
160,379.1861267089844,417.07000732421875
161,517.840087890625,415.7799987792969
162,543.9111938476562,415.9800109863281
163,479.7374267578125,415.2699890136719
164,333.4350891113281,424.3699951171875
165,320.27093505859375,415.79998779296875
166,371.8934326171875,413.3599853515625
167,505.2822570800781,414.8500061035156
168,528.5653686523438,415.3699951171875
169,446.4181823730469,418.3599853515625
170,307.77801513671875,417.6600036621094
171,269.7616882324219,417.4100036621094
172,321.2231750488281,422.0899963378906
173,450.6758728027344,420.8800048828125
174,477.6129150390625,419.94000244140625
175,413.09844970703125,421.29998779296875
176,451.46844482421875,417.6300048828125
177,393.99810791015625,425.5400085449219
178,428.359375,424.8699951171875
179,485.8594970703125,432.0
180,451.4327392578125,428.69000244140625
181,330.0724182128906,428.6700134277344
182,312.7947998046875,428.7200012207031
183,380.7537841796875,435.80999755859375
184,525.3809814453125,440.94000244140625
185,566.5761108398438,447.0899963378906
186,525.0213623046875,445.8900146484375
187,408.63800048828125,453.6300048828125
188,382.86102294921875,458.0
189,436.759033203125,465.5
190,533.5701293945312,467.3399963378906
191,540.2894897460938,445.6099853515625
192,467.5271301269531,449.1400146484375
193,324.79254150390625,454.32000732421875
194,275.41009521484375,450.0
195,308.47833251953125,449.1099853515625
196,420.8418884277344,447.739990234375
197,593.9027709960938,450.05999755859375
198,668.8311767578125,447.2300109863281
199,650.5662231445312,451.95001220703125
200,564.375244140625,458.1000061035156
201,411.82110595703125,457.989990234375
202,351.1227722167969,457.1000061035156
203,370.9017333984375,460.760009765625
204,463.0120849609375,453.8500061035156
205,469.51910400390625,450.489990234375
206,397.1554870605469,452.9100036621094
207,409.9161682128906,455.7099914550781
208,494.4549865722656,455.6600036621094
209,484.98785400390625,457.3900146484375
210,406.06121826171875,453.489990234375
211,416.1531066894531,454.82000732421875
212,494.9569091796875,452.5199890136719
213,484.8072814941406,443.3299865722656
214,406.97747802734375,440.260009765625
215,411.1116943359375,441.7900085449219
216,487.84454345703125,440.2799987792969
217,481.37005615234375,444.45001220703125
218,403.45916748046875,446.2099914550781
219,408.152587890625,447.69000244140625
220,480.3509826660156,476.1099853515625
221,495.3276062011719,492.6099853515625
222,476.84112548828125,510.5
223,534.839599609375,530.3300170898438
224,507.0721130371094,537.489990234375
225,568.14599609375,533.5
226,542.7128295898438,536.6599731445312
227,457.9761657714844,538.7999877929688
228,444.84039306640625,581.3300170898438
229,491.93768310546875,572.1699829101562
230,592.7526245117188,584.5
231,622.3026123046875,585.3400268554688
232,587.755859375,575.0499877929688
233,498.4750671386719,582.97998046875
234,339.083984375,574.7000122070312
235,344.5213928222656,581.9000244140625
236,99.5331039428711,626.02001953125
237,286.0491638183594,689.8300170898438
238,744.1787109375,691.4500122070312
239,761.1015014648438,681.0
240,537.9247436523438,733.239990234375
241,531.7593994140625,741.3400268554688
242,754.646728515625,744.6500244140625
243,942.390380859375,749.1799926757812
244,922.4747314453125,757.77001953125
245,724.2507934570312,706.5
246,358.28582763671875,669.97998046875
247,243.60595703125,590.010009765625
248,331.30157470703125,664.260009765625
249,601.36572265625,674.0
250,993.41162109375,642.8300170898438
251,1162.8868408203125,655.6500244140625
252,1144.7171630859375,630.3499755859375
253,963.39306640625,629.0
254,648.0303955078125,678.0900268554688
255,519.1256103515625,676.22998046875
256,548.0521240234375,690.0
257,716.5029907226562,669.97998046875
258,719.6268310546875,677.7000122070312
259,584.7449951171875,675.8200073242188
260,602.2716674804688,670.030029296875
261,758.585693359375,639.2000122070312
262,756.9911499023438,652.030029296875
263,618.8924560546875,649.6300048828125
264,631.601806640625,654.2100219726562
265,774.8754272460938,647.0599975585938
266,770.4979248046875,662.2999877929688
267,638.4586791992188,654.6300048828125
268,647.8615112304688,663.3699951171875
269,779.6154174804688,666.6099853515625
270,772.1007080078125,662.5999755859375
271,644.1112670898438,679.969970703125
272,648.5447998046875,673.5599975585938
273,769.7846069335938,673.0
274,758.4741821289062,662.2999877929688
275,630.2279663085938,665.5999755859375
276,633.7203369140625,652.7000122070312
277,753.2816772460938,654.97998046875
278,740.7063598632812,660.5399780273438
279,615.690673828125,653.780029296875
280,619.2459106445312,650.9600219726562
281,738.83544921875,656.8300170898438
282,724.5779418945312,655.9099731445312
283,603.1156005859375,654.3300170898438
284,605.6834106445312,635.2100219726562
285,721.021240234375,622.0
286,706.8466186523438,601.3599853515625
287,572.393310546875,544.219970703125
288,326.01898193359375,571.97998046875
289,230.30303955078125,564.02001953125
290,267.0870361328125,571.1599731445312
291,418.8763732910156,587.530029296875
292,667.8895874023438,587.4600219726562
293,772.6701049804688,582.9299926757812
294,749.762451171875,583.1900024414062
295,615.6760864257812,592.6500244140625
296,384.3593444824219,581.030029296875
297,291.43975830078125,583.3699951171875
298,320.4629821777344,579.489990234375
299,459.1346435546875,569.1500244140625
300,695.5099487304688,566.8599853515625
301,791.3070068359375,573.3900146484375
302,764.1814575195312,571.510009765625
303,628.8819580078125,570.9299926757812
304,398.6244201660156,570.9000244140625
305,302.8012390136719,579.4000244140625
306,324.8203430175781,576.0
307,450.3639831542969,582.8200073242188
308,666.7191162109375,578.6400146484375
309,752.3018798828125,573.1300048828125
310,721.8067016601562,574.8499755859375
311,589.5701293945312,574.1699829101562
312,364.5605163574219,568.27001953125
313,271.3525695800781,574.5
314,291.72296142578125,571.0999755859375
315,411.9805908203125,572.9099731445312
316,620.7035522460938,572.0
317,702.7890625,569.0599975585938
318,670.486328125,569.5599975585938
319,543.7430419921875,594.5
320,526.4773559570312,602.6699829101562
321,605.549560546875,601.5499877929688
322,706.4974365234375,608.6599731445312
323,702.1724243164062,613.3499755859375
324,603.7420043945312,623.1599731445312
325,609.55908203125,619.52001953125
326,704.0660400390625,621.1300048828125
327,696.2800903320312,605.3400268554688
328,596.751220703125,608.2000122070312
329,599.2875366210938,607.260009765625
330,691.7952880859375,607.5700073242188
331,682.4686889648438,606.47998046875
332,583.045654296875,605.1799926757812
333,584.6383666992188,603.010009765625
334,675.2825927734375,608.4000244140625
335,665.7930297851562,607.9000244140625
336,567.4666137695312,596.6599731445312
337,570.064453125,595.9099731445312
338,661.9684448242188,594.4600219726562
339,652.3978271484375,600.8099975585938
340,555.6430053710938,600.1400146484375
341,557.489013671875,598.9500122070312
342,646.7443237304688,602.989990234375
343,637.6506958007812,602.6199951171875
344,542.1929931640625,603.8099975585938
345,543.1691284179688,605.5
346,629.3663330078125,609.5
347,620.605224609375,611.3599853515625
348,527.3828125,608.5999755859375
349,528.3789672851562,608.5
350,613.16552734375,606.8499755859375
351,603.7639770507812,608.1699829101562
352,678.4549560546875,608.1599731445312
353,661.1190185546875,615.8699951171875
354,557.0741577148438,611.52001953125
355,551.5452880859375,614.989990234375
356,627.4850463867188,616.489990234375
357,746.6871337890625,634.969970703125
358,773.4202270507812,635.8400268554688
359,718.0567626953125,634.0
360,590.0546875,638.7000122070312
361,553.2562255859375,636.7000122070312
362,597.3473510742188,634.9199829101562
363,713.3153686523438,636.8900146484375
364,738.4013061523438,634.010009765625
365,682.25830078125,625.1699829101562
366,553.7997436523438,630.25
367,516.4531860351562,629.760009765625
368,558.4663696289062,652.5
369,669.822509765625,646.0
370,693.44775390625,651.47998046875
371,639.6834106445312,656.0
372,663.6796875,680.8800048828125
373,757.1931762695312,684.9299926757812
374,767.3392944335938,696.77001953125
375,707.72802734375,701.2999877929688
376,585.9510498046875,691.7000122070312
377,545.2910766601562,708.5399780273438
378,574.4265747070312,724.8900146484375
379,665.045654296875,742.8699951171875
380,810.7438354492188,698.0499877929688
381,871.8128662109375,702.22998046875
382,857.9591064453125,710.0
383,778.1552124023438,703.989990234375
384,639.5485229492188,705.3200073242188
385,582.1599731445312,726.5999755859375
386,595.0301513671875,719.27001953125
387,671.34326171875,714.2000122070312
388,803.9390258789062,715.6400146484375
389,855.1222534179688,693.6199951171875
390,832.6895751953125,702.1400146484375
391,745.5354614257812,710.5700073242188
392,599.5388793945312,710.22998046875
393,535.5216674804688,742.5
394,540.1279907226562,735.719970703125
395,605.5828857421875,748.010009765625
396,724.6148681640625,752.0
397,891.840087890625,728.6400146484375
398,977.1542358398438,736.97998046875
399,984.4583129882812,746.5399780273438
400,933.7532348632812,736.989990234375
401,825.7112426757812,730.219970703125
402,666.7841186523438,735.989990234375
403,586.8336791992188,724.969970703125
404,577.3858032226562,727.989990234375
405,630.4384155273438,729.9500122070312
406,738.917724609375,729.8599853515625
407,854.6092529296875,742.780029296875
408,896.0880126953125,765.030029296875
409,871.5394897460938,765.72998046875
410,788.0313110351562,760.0
411,657.5404052734375,758.9199829101562
412,600.4465942382812,753.3400268554688
413,608.270263671875,758.989990234375
414,673.3355102539062,763.97998046875
415,788.759033203125,767.0
416,832.6856689453125,771.9299926757812
417,809.1369018554688,766.3300170898438
418,733.2857666015625,769.5800170898438
419,722.2407836914062,773.1599731445312
420,768.6640014648438,778.9500122070312
421,865.9874877929688,777.2999877929688
422,894.9195556640625,775.3699951171875
423,863.1979370117188,786.2000122070312
424,777.5775756835938,788.8099975585938
425,757.0728149414062,792.0
426,793.4362182617188,788.5700073242188
427,787.9617309570312,805.0
428,835.9505004882812,846.5999755859375
429,928.9056396484375,911.1699829101562
430,962.2770385742188,908.8099975585938
431,942.4278564453125,870.2000122070312
432,873.8870239257812,902.6199951171875
433,860.575927734375,896.0
434,895.3751831054688,952.530029296875
435,970.98876953125,969.4099731445312
436,1022.2411499023438,955.1500244140625
437,1016.62060546875,950.030029296875
438,965.8206787109375,962.8300170898438
439,936.9655151367188,1005.75
440,953.0921020507812,1023.5
441,1008.913330078125,1041.530029296875
442,1097.6580810546875,1116.3900146484375
443,1160.0767822265625,985.280029296875
444,1167.656982421875,842.010009765625
445,1122.12939453125,917.5399780273438
446,1033.673095703125,888.77001953125
447,906.130615234375,899.6900024414062
448,741.09033203125,906.9099731445312
449,648.7080078125,768.010009765625
450,619.539306640625,786.6099853515625
451,646.30517578125,820.989990234375
452,721.4561767578125,821.780029296875
453,840.1005859375,828.5900268554688
454,885.4139404296875,847.1500244140625
455,913.5564575195312,892.6400146484375
456,883.6526489257812,887.1500244140625
457,909.8720703125,900.4199829101562
458,885.1630859375,924.010009765625
459,908.1315307617188,935.6500244140625
460,973.3217163085938,920.9000244140625
461,984.5121459960938,913.4000244140625
462,946.9660034179688,901.8599853515625
463,865.552734375,899.3099975585938
464,838.5909423828125,911.7999877929688
465,859.5662841796875,919.5
466,923.1797485351562,918.0499877929688
467,933.0285034179688,916.2000122070312
468,895.1078491210938,919.3200073242188
469,904.8818359375,969.9500122070312
470,955.810302734375,979.530029296875
471,1042.42822265625,1017.2000122070312
472,1076.927734375,1009.5499877929688
473,1064.9083251953125,1025.010009765625
474,1012.7459106445312,1018.469970703125
475,1006.1929321289062,1028.3299560546875
476,1039.3458251953125,1067.4100341796875
477,1107.6356201171875,1068.43994140625
478,1125.890869140625,977.3599853515625
479,1096.0191650390625,1000.0
480,1028.5333251953125,1007.1699829101562
481,925.5061645507812,1006.1699829101562
482,875.58056640625,997.0900268554688
483,871.5651245117188,1006.47998046875
484,908.2352905273438,1020.469970703125
485,980.3172607421875,1036.3199462890625
486,1083.0965576171875,1060.239990234375
487,1134.510009765625,1050.6600341796875
488,1139.8173828125,1045.4200439453125
489,1101.922607421875,1078.4000244140625
490,1068.7900390625,1114.72998046875
491,1074.9630126953125,1126.77001953125
492,1115.475830078125,1199.989990234375
493,1185.35595703125,1182.1199951171875
494,1210.840087890625,1140.300048828125
495,1196.1591796875,1185.050048828125
496,1145.7510986328125,1187.75
497,1136.1190185546875,1191.8499755859375
498,1160.6541748046875,1221.3299560546875
499,1214.6500244140625,1264.4000244140625
500,1293.998779296875,1279.989990234375
501,1330.7113037109375,1250.8499755859375
502,1318.7445068359375,1267.0
503,1272.864501953125,1278.280029296875
504,1218.828369140625,1209.989990234375
505,1133.60888671875,1152.1600341796875
506,1101.205322265625,1199.050048828125
507,1107.2088623046875,1142.2099609375
508,1148.5919189453125,1178.489990234375
509,1219.53466796875,1236.0
510,1302.9161376953125,1240.0
511,1284.33642578125,1246.0899658203125
512,1222.69677734375,1248.5899658203125
513,1210.3050537109375,1123.6500244140625
514,1157.7186279296875,1060.1400146484375
515,1071.5711669921875,998.9299926757812
516,948.9381103515625,1034.280029296875
517,892.56982421875,1063.0
518,884.9259643554688,1093.9599609375
519,863.14208984375,1034.97998046875
520,936.1680908203125,1012.989990234375
521,1025.9990234375,919.75
522,1052.936279296875,955.010009765625
523,1025.74462890625,965.0599975585938
524,983.3076171875,1032.3399658203125
525,985.4844360351562,1010.7999877929688
526,1038.6905517578125,1034.6700439453125
527,1053.2958984375,1043.0
528,1064.5625,1069.1500244140625
529,1118.0284423828125,1074.77001953125
530,1120.0445556640625,1120.5
531,1148.7650146484375,1145.800048828125
532,1131.3499755859375,1139.7900390625
533,1100.4517822265625,1154.25
534,1112.447509765625,1177.25
535,1161.81591796875,1197.030029296875
536,1244.265625,1186.0400390625
537,1276.7957763671875,1212.2900390625
538,1265.496826171875,1203.8599853515625
539,1215.4482421875,1222.010009765625
540,1182.3936767578125,1213.800048828125
541,1151.2694091796875,1184.0400390625
542,1148.849365234375,1174.3499755859375
543,1185.277099609375,1175.47998046875
544,1176.4771728515625,1166.52001953125
545,1167.1920166015625,1192.6500244140625
546,1196.5810546875,1204.97998046875
547,1247.3521728515625,1207.0799560546875
548,1253.1168212890625,1235.6400146484375
549,1219.5059814453125,1241.449951171875
550,1225.930419921875,1224.6700439453125
551,1255.353759765625,1236.0400390625
552,1243.0069580078125,1255.0
553,1267.35986328125,1273.8800048828125
554,1324.302978515625,1295.6300048828125
555,1372.68359375,1333.449951171875
556,1379.508056640625,1328.2900390625
557,1349.481689453125,1324.5
558,1298.1243896484375,1361.1300048828125
559,1284.52783203125,1414.0400390625
560,1303.8394775390625,1457.1199951171875
561,1350.2222900390625,1504.72998046875
562,1419.9915771484375,1560.9599609375
563,1510.408447265625,1535.2099609375
564,1619.2523193359375,1557.4200439453125
565,1684.6695556640625,1570.1199951171875
566,1705.5572509765625,1658.68994140625
567,1737.1708984375,1696.1199951171875
568,1771.962646484375,1769.1099853515625
569,1817.527587890625,1795.5999755859375
570,1830.1583251953125,1642.219970703125
571,1812.814208984375,1775.6800537109375
572,1764.385986328125,1750.5
573,1697.29638671875,1667.4300537109375
574,1645.0614013671875,1709.3199462890625
575,1622.5391845703125,1768.1199951171875
576,1625.784423828125,1898.6800537109375
577,1653.6531982421875,1971.22998046875
578,1698.9517822265625,2045.0
579,1759.9501953125,2050.0
580,1833.62158203125,2154.800048828125
581,1920.3021240234375,2309.570068359375
582,2016.5977783203125,2560.330078125
583,2125.094482421875,2340.0
584,2241.617919921875,2252.719970703125
585,2322.77587890625,2210.0
586,2364.125732421875,2179.080078125
587,2369.798583984375,2306.340087890625
588,2350.412841796875,2170.860107421875
589,2305.71337890625,2368.1201171875
590,2288.01904296875,2440.419921875
591,2293.5634765625,2461.7900390625
592,2318.76123046875,2513.909912109375
593,2361.263916015625,2583.669921875
594,2408.768798828125,2811.60009765625
595,2476.475341796875,2859.409912109375
596,2554.23193359375,2728.760009765625
597,2641.55078125,2805.0
598,2736.275390625,2830.280029296875
599,2838.582763671875,2876.0
600,2945.8681640625,2955.409912109375
601,3023.856201171875,2677.3798828125
602,3069.008056640625,2748.169921875
603,3084.30224609375,2476.139892578125
604,3050.313232421875,2378.5
605,3002.645751953125,2475.2900390625
606,2940.219970703125,2652.0
607,2863.154541015625,2558.9599609375
608,2766.5224609375,2619.239990234375
609,2654.037353515625,2760.030029296875
610,2583.310791015625,2660.0400390625
611,2538.4228515625,2729.72998046875
612,2516.349365234375,2699.360107421875
613,2515.1357421875,2541.97998046875
614,2518.501953125,2549.219970703125
615,2503.64794921875,2443.909912109375
616,2472.232666015625,2533.18994140625
617,2463.501708984375,2567.989990234375
618,2474.811767578125,2535.0
619,2496.836181640625,2445.570068359375
620,2506.259033203125,2400.0
621,2489.70068359375,2489.93994140625
622,2486.7919921875,2604.75
623,2502.95166015625,2550.9599609375
624,2536.078369140625,2607.0
625,2584.10400390625,2578.010009765625
626,2598.049560546875,2493.639892578125
627,2585.591064453125,2558.909912109375
628,2554.59619140625,2502.739990234375
629,2496.657958984375,2314.0
630,2415.499267578125,2273.469970703125
631,2314.552734375,2415.75
632,2261.115234375,2319.0
633,2204.43310546875,2094.169921875
634,2123.56884765625,2018.9599609375
635,2020.0050048828125,1961.260009765625
636,1934.2818603515625,2182.989990234375
637,1881.0611572265625,2347.969970703125
638,1856.4014892578125,2324.989990234375
639,1854.951171875,2718.610107421875
640,1872.599853515625,2710.2900390625
641,1906.583251953125,2821.31005859375
642,1955.3060302734375,2760.800048828125
643,2016.9912109375,2751.0
644,2091.32177734375,2513.60009765625
645,2177.694580078125,2546.909912109375
646,2274.01025390625,2681.489990234375
647,2377.9765625,2705.0
648,2488.792724609375,2679.719970703125
649,2605.974609375,2710.110107421875
650,2731.9091796875,2862.929931640625
651,2849.07080078125,2734.760009765625
652,2922.792724609375,2720.10009765625
653,2949.919189453125,2786.429931640625
654,2947.54443359375,3109.0
655,2971.12255859375,3222.199951171875
656,3011.316162109375,3247.409912109375
657,3065.244140625,3445.489990234375
658,3130.51611328125,3384.669921875
659,3206.1435546875,3327.590087890625
660,3290.434326171875,3419.929931640625
661,3381.705322265625,3662.510009765625
662,3477.56201171875,4027.699951171875
663,3576.493896484375,3976.06005859375
664,3677.65283203125,4380.10986328125
665,3780.663330078125,4069.4599609375
666,3886.78515625,4279.35009765625
667,3994.378662109375,4258.919921875
668,4102.7724609375,4103.490234375
669,4182.2451171875,4032.659912109375
670,4230.17333984375,4039.1201171875
671,4239.5400390625,3835.10009765625
672,4231.82666015625,4095.610107421875
673,4204.390625,4091.8798828125
674,4175.50537109375,4334.3798828125
675,4162.7333984375,4302.009765625
676,4164.40234375,4338.3798828125
677,4178.76123046875,4280.009765625
678,4204.44140625,4380.02001953125
679,4239.53662109375,4596.75
680,4282.6142578125,4615.18994140625
681,4332.3232421875,4745.60009765625
682,4387.4462890625,4831.009765625
683,4447.72802734375,4639.419921875
684,4513.0810546875,4547.8701171875
685,4554.2880859375,4102.85009765625
686,4560.14013671875,4471.4501953125
687,4573.44873046875,4515.97021484375
688,4586.22900390625,4612.8701171875
689,4592.41357421875,4266.990234375
690,4575.248046875,4204.0
691,4523.6142578125,4315.9501953125
692,4466.75341796875,4270.8701171875
693,4385.43603515625,3945.0
694,4288.5283203125,3797.989990234375
695,4183.57177734375,3354.530029296875
696,4056.4375,3759.47998046875
697,3906.394287109375,3637.5
698,3766.2080078125,3770.0
699,3657.147705078125,3991.139892578125
700,3575.6162109375,3879.669921875
701,3518.77392578125,3825.0
702,3484.72607421875,3697.159912109375
703,3471.7646484375,3614.8701171875
704,3480.6220703125,3769.260009765625
705,3501.8056640625,3763.860107421875
706,3536.643798828125,3899.35009765625
707,3584.411865234375,3933.56005859375
708,3641.905517578125,4195.0
709,3688.26611328125,4059.010009765625
710,3761.237548828125,4190.72021484375
711,3823.32763671875,4291.35986328125
712,3916.87646484375,4381.330078125
713,3808.196044921875,4416.2998046875
714,2701.782470703125,4299.990234375
715,1565.460205078125,4186.31982421875
716,1629.176025390625,4320.0
717,1763.12255859375,4359.009765625
718,1893.3565673828125,4439.85009765625
719,1993.0762939453125,4617.06982421875
720,2265.532958984375,4784.91015625
721,2474.19921875,4728.240234375
722,2702.398193359375,4854.60009765625
723,2939.102783203125,5719.0
724,3182.5419921875,5660.0
725,3426.61572265625,5764.0
726,3673.4833984375,5596.22998046875
727,3921.88525390625,5631.740234375
728,4171.572265625,5493.2998046875
729,4423.1171875,5624.8798828125
730,4658.41650390625,5681.1201171875
731,4908.16455078125,6099.0
732,5155.78759765625,5944.9599609375
733,5401.46044921875,5962.83984375
734,5644.3134765625,5658.81982421875
735,5875.4052734375,5550.0
736,6041.2890625,5770.990234375
737,6150.85498046875,5922.14013671875
738,6210.3515625,5725.009765625
739,6225.07080078125,5749.0
740,6201.33154296875,6135.89013671875
741,6144.5478515625,6130.0
742,6096.87109375,6404.330078125
743,6075.57421875,6850.58984375
744,6075.9931640625,7199.75
745,6094.5732421875,7198.97998046875
746,6129.14599609375,7400.7001953125
747,6177.26025390625,7227.39013671875
748,6238.23095703125,7135.0
749,6314.060546875,7363.1298828125
750,6395.63671875,7338.0
751,6485.80615234375,7255.009765625
752,6584.61376953125,6775.5400390625
753,6656.5888671875,6100.10009765625
754,6685.345703125,5972.3798828125
755,6685.6748046875,6659.16015625
756,6652.716796875,6885.52978515625
757,6641.25244140625,7261.990234375
758,6647.0390625,7900.5
759,6667.52685546875,7600.97998046875
760,6701.20166015625,7776.169921875
761,6746.22607421875,7930.490234375
762,6800.57763671875,7848.81982421875
763,6863.0810546875,8161.66015625
764,6932.48095703125,8209.9599609375
765,7008.14013671875,8088.4599609375
766,7089.1494140625,8150.0
767,7174.18359375,8765.099609375
768,7261.50634765625,9466.0400390625
769,7349.67529296875,9699.98046875
770,7438.021484375,10263.9599609375
771,7525.77880859375,10450.0
772,7613.51513671875,9745.599609375
773,7700.63037109375,10924.01953125
774,7786.060546875,10999.0
775,7869.2041015625,11384.25
776,7950.26220703125,11598.169921875
777,8028.96923828125,12251.0
778,8104.3427734375,13650.0
779,8175.45703125,16127.0
780,8259.1875,15464.9599609375
781,8322.5361328125,13110.4599609375
782,8381.3505859375,15793.2001953125
783,8435.8076171875,16133.01953125
784,8486.099609375,16487.9296875
785,8533.0234375,15999.0
786,8577.33984375,17049.9296875
787,8618.638671875,17295.0
788,8656.6611328125,19064.2109375
789,8691.302734375,18586.869140625
790,8723.0751953125,19044.1796875
791,8752.5771484375,16830.279296875
792,8784.7314453125,16909.390625
793,8812.3212890625,14298.5703125
794,8841.232421875,14802.759765625
795,8870.3134765625,14185.3896484375
796,8900.5107421875,13429.25
797,8931.4326171875,14607.0
798,8961.7314453125,15817.5302734375
799,8991.3642578125,14387.3203125
800,9021.4365234375,14916.23046875
801,9051.544921875,13477.0400390625
802,9082.8896484375,13069.9501953125
803,9115.1279296875,13481.73046875
804,9148.1044921875,13359.98046875
805,9181.224609375,14861.150390625
806,9213.5029296875,15065.8798828125
807,9245.1201171875,14951.0595703125
808,9275.3671875,16547.810546875
809,9303.810546875,16731.609375
810,9330.748046875,15654.830078125
811,9357.2421875,15200.26953125
812,9383.5185546875,14092.5595703125
813,9410.0634765625,13269.7099609375
814,9437.603515625,13600.0498046875
815,9466.05859375,14165.0302734375
816,9494.86328125,14241.830078125
817,9524.525390625,13580.0
818,9554.767578125,12931.5400390625
819,9587.2822265625,10948.3203125
820,9617.6748046875,11421.099609375
821,9651.126953125,11223.8896484375
822,9687.248046875,11789.8603515625
823,9724.435546875,12500.0
824,9763.2587890625,11541.580078125
825,9804.595703125,10850.0
826,9848.728515625,10838.3798828125
827,9894.65234375,11633.01953125
828,9941.8623046875,11557.4404296875
829,9990.5029296875,11038.25
830,10040.013671875,11434.490234375
831,10089.693359375,11452.349609375
832,10140.0654296875,10914.3896484375
833,10188.7958984375,9850.0
834,10213.349609375,9946.8798828125
835,10205.337890625,8669.759765625
836,10166.556640625,8274.3701171875
837,10101.337890625,9189.75
838,10011.9228515625,8116.3798828125
839,9897.58203125,6331.02978515625
840,9759.2890625,7275.0400390625
841,9603.3515625,7997.0
842,9433.0673828125,8088.990234375
843,9250.353515625,8921.2099609375
844,9057.58984375,8044.91015625
845,8848.6318359375,8483.169921875
846,8645.2666015625,8754.0
847,8441.3720703125,8703.2099609375
848,8271.09375,9649.51953125
849,8129.37353515625,10108.5595703125
850,8012.93994140625,10475.099609375
851,7917.85693359375,10890.009765625
852,7841.9541015625,10551.0
853,7782.779296875,11429.51953125
854,7737.84521484375,10956.2998046875
855,7706.67529296875,10735.099609375
856,7688.58447265625,9826.330078125
857,7682.43798828125,10431.33984375
858,7687.25634765625,9589.7900390625
859,7702.38623046875,9638.9697265625
860,7728.1474609375,10290.48046875
861,7758.71142578125,10916.1103515625
862,7795.6708984375,10347.8203125
863,7836.38134765625,11090.0
864,7880.96142578125,11319.8095703125
865,7931.27197265625,11172.0
866,7981.419921875,11555.8896484375
867,8033.50439453125,11247.3798828125
868,8088.03564453125,10745.490234375
869,8146.45947265625,9549.8603515625
870,8208.2275390625,8968.01953125
871,8277.052734375,9259.990234375
872,8348.8681640625,8629.0
873,8423.4345703125,9436.8095703125
874,8500.6806640625,9044.990234375
875,8580.7822265625,9280.490234375
876,8649.796875,7902.5498046875
877,8680.126953125,8043.5498046875
878,8676.580078125,8209.5400390625
879,8625.0986328125,7674.0
880,8550.4775390625,8203.51953125
881,8480.8193359375,8603.0498046875
882,8422.0302734375,9022.83984375
883,8381.2939453125,9021.3203125
884,8359.1162109375,8418.8203125
885,8350.009765625,8881.5
886,8354.3427734375,8546.4599609375
887,8371.4453125,8426.2001953125
888,8369.7470703125,7860.33984375
889,8329.8134765625,7862.27001953125
890,8241.6416015625,7866.6298828125
891,8153.44970703125,6848.02001953125
892,8026.4501953125,6976.85009765625
893,7888.19287109375,6928.009765625
894,7728.68115234375,6991.580078125
895,7283.02197265625,7179.830078125
896,7129.50390625,7297.66015625
897,6899.18359375,6776.64013671875
898,6657.61572265625,6769.39013671875
899,6478.79833984375,6860.14990234375
900,6358.765625,6964.60986328125
901,6269.38232421875,7127.33984375
902,6207.841796875,6783.10986328125
903,6173.60791015625,6825.740234375
904,6181.33251953125,6944.97998046875
905,6187.7529296875,7825.1298828125
906,6205.30712890625,8039.60986328125
907,6235.59423828125,8076.490234375
908,6142.95703125,8173.58984375
909,6203.92578125,8027.419921875
910,6285.93212890625,7931.47021484375
911,6314.43798828125,8179.0
912,6377.3896484375,8331.8896484375
913,6455.79345703125,8854.330078125
914,6532.57373046875,8828.75
915,6613.70703125,8880.669921875
916,6700.69677734375,9195.3603515625
917,6780.8603515625,9374.9697265625
918,6896.9052734375,8804.4404296875
919,6989.41162109375,9160.23046875
920,7083.07275390625,9134.1796875
921,7177.470703125,9455.66015625
922,7272.40771484375,9272.8095703125
923,7367.53662109375,8943.5302734375
924,7463.49072265625,9035.490234375
925,7559.7490234375,9222.2998046875
926,7655.65576171875,9565.73046875
927,7750.70458984375,9815.3701171875
928,7844.5712890625,9834.1103515625
929,7937.7099609375,9317.16015625
930,8030.53466796875,9423.4404296875
931,8123.15625,9046.33984375
932,8215.603515625,9322.6201171875
933,8307.7158203125,8917.9599609375
934,8424.4052734375,8407.740234375
935,8498.9375,8447.990234375
936,8563.263671875,8396.4404296875
937,8611.705078125,8708.2802734375
938,8646.068359375,8164.7900390625
939,8647.611328125,8366.7197265625
940,8619.8720703125,7991.990234375
941,8565.8251953125,8237.2998046875
942,8468.5625,8255.080078125
943,8384.7080078125,8494.2802734375
944,8314.798828125,8333.990234375
945,8127.4970703125,7960.0
946,8024.05615234375,7613.52001953125
947,7907.2392578125,7600.7998046875
948,7759.49658203125,7447.509765625
949,7610.69482421875,7295.990234375
950,7443.19140625,7382.06005859375
951,7252.3291015625,7125.4599609375
952,7096.462890625,7485.240234375
953,6973.2998046875,7366.4599609375
954,6879.05029296875,7493.2900390625
955,6810.70947265625,7491.2099609375
956,6765.02587890625,7643.97998046875
957,6739.2958984375,7691.3798828125
958,6731.74609375,7408.41015625
959,6741.2392578125,7604.68017578125
960,6764.14013671875,7724.3701171875
961,6799.365234375,7635.0
962,6846.3154296875,7666.85009765625
963,6902.5322265625,7292.3798828125
964,6952.93505859375,6776.2001953125
965,6966.11279296875,6823.64990234375
966,6946.03955078125,6563.1201171875
967,6869.75634765625,6499.6201171875
968,6792.54150390625,6607.85986328125
969,6691.7421875,6426.2900390625
970,6569.779296875,6538.97021484375
971,6429.3896484375,6412.35009765625
972,6305.9853515625,6684.89990234375
973,6214.19091796875,6613.43994140625
974,6150.705078125,6775.0
975,6112.2626953125,6672.35009765625
976,6089.580078125,6113.89013671875
977,6089.85302734375,6087.14013671875
978,6074.166015625,6136.0
979,6080.9921875,6234.8701171875
980,6098.8603515625,6031.91015625
981,6108.58154296875,6095.52001953125
982,6102.52099609375,5872.5
983,6071.05615234375,6369.580078125
984,6063.14306640625,6343.5
985,6076.23291015625,6335.1298828125
986,6112.45703125,6628.8701171875
987,6159.4033203125,6469.22021484375
988,6220.82958984375,6621.990234375
989,6294.36572265625,6529.5
990,6379.78369140625,6595.6201171875
991,6474.00146484375,6718.990234375
992,6576.138671875,6709.14013671875
993,6685.453125,6635.919921875
994,6669.37841796875,6333.75
995,6686.9638671875,6339.5
996,6645.9853515625,6249.8701171875
997,6565.2939453125,6206.990234375
998,6472.416015625,6248.60009765625
999,6291.9775390625,6352.93017578125
1000,6225.2734375,6738.85986328125
1001,6199.5703125,7458.5400390625
1002,6178.37548828125,7316.8701171875
1003,6175.35791015625,7464.990234375
1004,6188.125,7276.7001953125
1005,6215.740234375,7408.47998046875
1006,6256.7900390625,7629.490234375
1007,6308.8720703125,7752.35009765625
1008,5198.89892578125,8366.0400390625
1009,5069.6796875,8220.9599609375
1010,5094.95068359375,7881.9599609375
1011,5218.44189453125,8168.4501953125
1012,5298.85595703125,8223.9501953125
1013,5384.322265625,8190.009765625
1014,5442.90771484375,8115.39990234375
1015,5536.8349609375,7534.990234375
1016,5589.90087890625,7647.47021484375
1017,5690.89208984375,7332.58984375
1018,5798.29736328125,7450.7001953125
1019,5911.494140625,7005.990234375
1020,6029.666015625,7095.56005859375
1021,6152.73193359375,6927.1201171875
1022,6280.587890625,6587.009765625
1023,6413.27392578125,6323.60009765625
1024,6508.615234375,6465.89990234375
1025,6541.0712890625,6110.2900390625
1026,6565.978515625,6281.759765625
1027,6542.22412109375,6346.14013671875
1028,6500.08740234375,5993.2900390625
1029,6428.94677734375,6295.43017578125
1030,6341.4658203125,6283.080078125
1031,6266.287109375,6414.68994140625
1032,6217.96142578125,6524.3798828125
1033,6194.03564453125,6333.509765625
1034,6191.9287109375,6484.759765625
1035,6209.0712890625,6307.990234375
1036,6243.2880859375,6730.31005859375
1037,6292.103515625,6401.35009765625
1038,6354.20947265625,6493.64990234375
1039,6427.56005859375,6724.14013671875
1040,6510.41845703125,6618.990234375
1041,6601.494140625,6667.43994140625
1042,6699.64208984375,6876.52001953125
1043,6803.470703125,7044.39990234375
1044,6911.85546875,7020.81005859375
1045,7001.05908203125,6967.740234375
1046,7065.74365234375,7058.64013671875
1047,7116.1396484375,7180.009765625
1048,7176.17822265625,7256.4501953125
1049,7244.4697265625,7267.77978515625
1050,7321.54833984375,7368.990234375
1051,7373.07080078125,6414.580078125
1052,7386.28076171875,6488.6201171875
1053,7365.3896484375,6413.759765625
1054,7313.9091796875,6175.10009765625
1055,7232.6640625,6302.5
1056,7119.76123046875,6339.7900390625
1057,6990.65771484375,6257.4501953125
1058,6847.5732421875,6382.7900390625
1059,6688.4921875,6550.0
1060,6515.62646484375,6501.27978515625
1061,6363.17724609375,6484.85986328125
1062,6245.6923828125,6515.2001953125
1063,6159.8369140625,6240.31982421875
1064,6102.46923828125,6346.990234375
1065,6075.4736328125,6397.5
1066,6065.248046875,6549.990234375
1067,6073.69970703125,6726.2998046875
1068,6098.6943359375,6700.52001953125
1069,6138.3544921875,6706.18994140625
1070,6191.2822265625,6456.60009765625
1071,6256.75537109375,6383.080078125
1072,6333.248046875,6493.68994140625
1073,6419.01318359375,6697.97021484375
1074,6531.2919921875,6483.5400390625
1075,6617.30029296875,6558.2900390625
1076,6652.32275390625,6618.9599609375
1077,6171.55419921875,6563.31005859375
1078,6411.3369140625,6422.9599609375
1079,6438.67236328125,6557.56005859375
1080,6401.9150390625,6538.60009765625
1081,6314.83056640625,6560.580078125
1082,6361.04150390625,6556.8701171875
1083,6374.5625,6556.759765625
1084,6486.14306640625,6606.14990234375
1085,6589.01953125,6537.97998046875
1086,6648.150390625,6221.5498046875
1087,6780.17822265625,6189.580078125
1088,6697.03759765625,6177.7001953125
1089,6614.41845703125,6224.830078125
1090,6532.15478515625,6215.10009765625
1091,6428.94091796875,6420.0
1092,6348.236328125,6451.240234375
1093,6295.65771484375,6463.08984375
1094,6267.78857421875,6391.0498046875
1095,6262.9111328125,6379.18994140625
1096,6277.43408203125,6437.5498046875
1097,6309.19580078125,6413.72021484375
1098,6356.50048828125,6394.6201171875
1099,6417.69970703125,6417.10986328125
1100,6474.30712890625,6389.91015625
1101,6492.6357421875,6389.2001953125
1102,6459.66943359375,6413.5400390625
1103,6413.90087890625,6406.35986328125
1104,6341.35693359375,6409.64013671875
1105,6261.6083984375,6271.8701171875
1106,6192.8955078125,6268.2900390625
1107,6151.25048828125,6294.1298828125
1108,6133.87109375,6356.31005859375
1109,6137.46337890625,6336.06982421875
1110,6160.0068359375,6330.43994140625
1111,6199.18408203125,6406.10009765625
1112,6253.01708984375,6389.14990234375
1113,6319.7841796875,6509.0498046875
1114,6402.6572265625,6441.330078125
1115,6494.72509765625,6402.27978515625
1116,6541.37744140625,6340.89990234375
1117,6550.6953125,6343.39990234375
1118,6526.734375,6355.14990234375
1119,6473.22119140625,6297.7099609375
1120,6393.2412109375,6263.60009765625
1121,6275.95947265625,5560.77978515625
1122,6147.2841796875,5570.740234375
1123,5997.37451171875,5467.41015625
1124,5762.73681640625,5551.97998046875
1125,5576.92822265625,5514.1201171875
1126,5377.27099609375,4802.66015625
1127,5159.498046875,4440.2900390625
1128,4925.22802734375,4527.759765625
1129,4675.69091796875,4214.009765625
1130,4408.32861328125,4297.169921875
1131,4130.04638671875,3644.77001953125
1132,3830.27001953125,3981.300048828125
1133,3558.7705078125,3681.4599609375
1134,3362.589111328125,3846.60009765625
1135,3227.0751953125,4126.5400390625
1136,3142.460693359375,4255.0
1137,3105.408935546875,3969.800048828125
1138,3110.775390625,4138.5
1139,3152.044677734375,3959.050048828125
1140,3234.54833984375,3817.22998046875
1141,3340.4462890625,3834.1298828125
1142,3474.4130859375,3711.580078125
1143,3619.12353515625,3332.5
1144,3694.91650390625,3450.2900390625
1145,3703.767578125,3399.10009765625
1146,3666.217041015625,3536.830078125
1147,3582.83056640625,3385.5
1148,3452.10546875,3343.510009765625
1149,3288.18212890625,3385.820068359375
1150,3172.046875,3250.5400390625
1151,3115.0498046875,3220.0
1152,3111.19921875,3236.760009765625
1153,3153.701904296875,3203.090087890625
1154,3235.363525390625,3532.760009765625
1155,3349.12255859375,3751.4599609375
1156,3488.77587890625,3718.090087890625
1157,3649.1435546875,4045.0
1158,3827.79296875,3821.169921875
1159,4010.307861328125,4008.050048828125
1160,4141.4697265625,4175.35009765625
1161,4229.53466796875,3732.0
1162,4272.23486328125,3833.300048828125
1163,4260.54296875,3738.550048828125
1164,4203.9658203125,3595.81005859375
1165,4107.43359375,3885.889892578125
1166,3979.927490234375,3738.679931640625
1167,3817.624755859375,3785.89990234375
1168,3631.406982421875,3681.10009765625
1169,3504.0576171875,3796.6201171875
1170,3427.877685546875,3872.219970703125
1171,3397.1953125,3799.330078125
1172,3407.403564453125,3841.389892578125
1173,3453.463134765625,3799.02001953125
1174,3530.7060546875,4035.139892578125
1175,3634.218505859375,3982.489990234375
1176,3761.10498046875,4018.840087890625
1177,3908.567626953125,4013.43994140625
1178,4007.9658203125,3622.050048828125
1179,4024.949951171875,3641.719970703125
1180,3976.041015625,3622.469970703125
1181,3920.085205078125,3520.010009765625
1182,3815.140625,3668.030029296875
1183,3668.561767578125,3596.1298828125
1184,3482.206298828125,3583.429931640625
1185,3387.27001953125,3622.4599609375
1186,3332.603515625,3618.239990234375
1187,3320.900390625,3694.949951171875
1188,3348.315185546875,3537.75
1189,3411.047119140625,3535.10009765625
1190,3504.736328125,3580.320068359375
1191,3625.877685546875,3532.719970703125
1192,3688.57666015625,3569.719970703125
1193,3693.930419921875,3568.8701171875
1194,3652.620849609375,3560.6298828125
1195,3576.6572265625,3467.340087890625
1196,3453.887451171875,3407.75
1197,3288.9033203125,3403.360107421875
1198,3197.51513671875,3447.31005859375
1199,3154.98291015625,3394.090087890625
1200,3156.0009765625,3438.25
1201,3195.44677734375,3442.0
1202,3269.171630859375,3414.179931640625
1203,3373.36962890625,3413.56005859375
1204,3504.403564453125,3378.820068359375
1205,3575.1083984375,3374.469970703125
1206,3592.0810546875,3359.739990234375
1207,3580.17236328125,3608.47998046875
1208,3613.558837890625,3615.909912109375
1209,2897.023193359375,3594.5400390625
1210,1287.494140625,3573.43994140625
1211,1443.03271484375,3601.0
1212,1586.3157958984375,3570.719970703125
1213,1724.3916015625,3573.300048828125
1214,1866.8009033203125,3588.969970703125
1215,1874.927001953125,3587.969970703125
1216,1986.6141357421875,3684.330078125
1217,2189.67626953125,3867.6298828125
1218,2356.39111328125,3894.31005859375
1219,2622.19140625,3939.919921875
1220,2852.62841796875,3911.10009765625
1221,3090.633056640625,3940.5
1222,3334.857666015625,4162.330078125
1223,3583.83349609375,3779.7099609375
1224,3840.35400390625,3824.739990234375
1225,4020.620849609375,3800.47998046875
1226,4134.48779296875,3801.9599609375
1227,4102.29052734375,3803.050048828125
1228,4106.404296875,3814.800048828125
1229,4080.83154296875,3807.300048828125
1230,4017.5185546875,3781.1201171875
1231,3920.11767578125,3691.14990234375
1232,3793.191162109375,3818.969970703125
1233,3712.2265625,3871.320068359375
1234,3671.884765625,3854.18994140625
1235,3667.4765625,3851.6298828125
1236,3694.67919921875,3899.280029296875
1237,3749.91357421875,3907.639892578125
1238,3830.214599609375,3807.139892578125
1239,3870.777099609375,3867.06005859375
1240,3901.28564453125,3850.02001953125
1241,3855.930419921875,3857.7099609375
1242,3864.542724609375,3953.429931640625
1243,3887.458251953125,3953.080078125
1244,3950.035888671875,3988.080078125
1245,4037.4072265625,3974.010009765625
1246,4068.43701171875,3976.68994140625
1247,4065.275146484375,4030.409912109375
1248,4025.385986328125,3974.340087890625
1249,3946.611083984375,3996.489990234375
1250,3911.031494140625,3969.570068359375
1251,3924.159423828125,3976.6201171875
1252,3921.90380859375,3909.330078125
1253,3899.6728515625,3978.8701171875
1254,3908.527099609375,4003.659912109375
1255,3944.935546875,4027.39990234375
1256,4005.3134765625,4087.0
1257,4086.78271484375,4087.169921875
1258,4165.93359375,4125.0
1259,4200.58056640625,4176.93017578125
1260,4244.765625,5053.60009765625
1261,4305.66259765625,4961.009765625
1262,4381.69873046875,4890.919921875
1263,4470.98681640625,5001.97998046875
1264,4571.5927734375,5125.0
1265,4681.912109375,5252.1201171875
1266,4800.32080078125,5241.240234375
1267,4929.05224609375,5221.85986328125
1268,5060.34912109375,5194.02001953125
1269,5172.0712890625,5023.330078125
1270,5230.93701171875,5108.47998046875
1271,5261.17138671875,5052.89990234375
1272,5257.33056640625,5165.8701171875
1273,5220.77392578125,5048.9599609375
1274,5150.4833984375,5232.06982421875
1275,5115.88427734375,5273.16015625
1276,5104.40087890625,5230.72021484375
1277,5113.49658203125,5303.7900390625
1278,5140.67236328125,5335.47998046875
1279,5184.0302734375,5257.56005859375
1280,5241.6025390625,5432.22998046875
1281,5310.83984375,5570.830078125
1282,5390.67578125,5439.919921875
1283,5472.126953125,5204.81982421875
1284,5489.17578125,5144.72021484375
1285,5490.77783203125,5174.25
1286,5466.44580078125,5177.60986328125
1287,5405.04052734375,5148.60986328125
1288,5297.2275390625,5316.35009765625
1289,5240.58984375,5327.93994140625
1290,5208.48974609375,5464.43017578125
1291,5197.5615234375,5739.64990234375
1292,5205.015625,5750.41015625
1293,5229.05224609375,5622.1201171875
1294,5268.06640625,5887.169921875
1295,5319.59765625,5772.93017578125
1296,5382.2060546875,6030.259765625
1297,5453.91259765625,6275.52978515625
1298,5534.62548828125,6549.7001953125
1299,5619.16015625,7160.27978515625
1300,5706.76025390625,7010.7001953125
1301,5798.00830078125,7963.31005859375
1302,5890.595703125,8060.4599609375
1303,5982.68798828125,8239.2001953125
1304,6075.5390625,7285.0
1305,6170.73828125,7377.0
1306,6267.783203125,7951.4599609375
1307,6366.48486328125,8057.77001953125
1308,6464.57373046875,7930.509765625
1309,6567.373046875,7935.89990234375
1310,6666.6298828125,7670.7998046875
1311,6767.59521484375,7877.14990234375
1312,6868.37353515625,8004.02001953125
1313,6967.81982421875,8005.43017578125
1314,7066.6064453125,8773.1103515625
1315,7163.80712890625,8788.5400390625
1316,7259.1376953125,8635.8603515625
1317,7353.09033203125,8684.1396484375
1318,7445.73388671875,8261.7802734375
1319,7537.65771484375,8541.7998046875
1320,7630.103515625,8558.900390625
1321,7719.6669921875,8678.6796875
1322,7808.43701171875,7889.93017578125
1323,7885.58642578125,7793.2099609375
1324,7928.10302734375,7855.2900390625
1325,7926.357421875,7807.8798828125
1326,7921.4287109375,7961.8798828125
1327,7932.765625,7892.669921875
1328,7916.8203125,7660.919921875
1329,7900.40185546875,7969.06982421875
1330,7877.58154296875,7991.830078125
1331,7867.1611328125,8118.5498046875
1332,7867.0830078125,8210.41015625
1333,7875.9658203125,8646.099609375
1334,7892.09814453125,9014.599609375
1335,7914.0625,9176.2197265625
1336,7940.958984375,9263.400390625
1337,7976.92431640625,9140.919921875
1338,8012.4130859375,9340.5
1339,8051.10986328125,9751.08984375
1340,8091.9921875,10572.490234375
1341,8134.328125,10756.6298828125
1342,8178.71142578125,10643.4501953125
1343,8223.2587890625,11136.7099609375
1344,8268.6201171875,12248.919921875
1345,8313.1533203125,12805.33984375
1346,8358.1953125,11103.0
1347,8403.7109375,11463.330078125
1348,8449.6142578125,12126.259765625
1349,8496.3115234375,11070.0
1350,8544.5947265625,10298.3095703125
1351,8594.625,11330.4599609375
1352,8644.7470703125,11894.6904296875
1353,8694.56640625,11138.0
1354,8745.2470703125,11515.0595703125
1355,8796.384765625,11153.0703125
1356,8848.234375,11404.8896484375
1357,8903.7724609375,12677.98046875
1358,8956.1630859375,12979.1904296875
1359,9008.2880859375,11696.0595703125
1360,9075.826171875,11195.16015625
1361,9130.529296875,11629.0
1362,9186.8447265625,11290.0302734375
1363,9246.0126953125,10270.6396484375
1364,9307.9091796875,10730.4501953125
1365,9372.5546875,9405.0498046875
1366,9434.0751953125,9729.16015625
1367,9498.4521484375,10599.7001953125
1368,9564.728515625,10535.2900390625
1369,9632.26171875,10599.01953125
1370,9702.0224609375,10630.2802734375
1371,9774.5087890625,10236.3798828125
1372,9848.896484375,9636.849609375
1373,9889.2880859375,10106.9296875
1374,9921.8193359375,9709.400390625
1375,9920.0400390625,10134.9404296875
1376,9886.7841796875,9458.75
1377,9840.234375,9620.2998046875
1378,9768.5380859375,9428.0302734375
1379,9674.6865234375,9684.0498046875
1380,9600.8623046875,10010.73046875
1381,9544.44921875,10361.8701171875
1382,9502.8486328125,10787.9697265625
1383,9473.9306640625,10777.259765625
1384,9458.9443359375,11578.2998046875
1385,9450.466796875,11668.1103515625
1386,9449.2392578125,11627.5400390625
1387,9454.91796875,11949.0
1388,9466.6669921875,11855.240234375
1389,9485.1962890625,11831.6201171875
1390,9507.4697265625,11373.0
1391,9535.2470703125,11435.5703125
1392,9566.72265625,11382.3896484375
1393,9607.6162109375,10605.0
1394,9669.3203125,9816.5703125
1395,9721.8603515625,10323.330078125
1396,9780.408203125,10298.099609375
1397,9844.1884765625,10115.4404296875
1398,9912.943359375,10411.7998046875
1399,9985.3583984375,10792.83984375
1400,10060.9970703125,10295.41015625
1401,10135.5732421875,9867.3701171875
1402,10173.9033203125,10144.650390625
1403,10205.1318359375,10358.7900390625
1404,10214.9345703125,10137.2001953125
1405,10190.4541015625,10280.5703125
1406,10180.34765625,10170.9296875
1407,10138.5517578125,10081.1103515625
1408,10090.7998046875,9587.4404296875
1409,9996.353515625,9455.9404296875
1410,9816.30859375,9617.0595703125
1411,9668.9306640625,9627.0
1412,9357.1044921875,9759.5498046875
1413,9256.775390625,10409.400390625
1414,9175.369140625,10631.0
1415,9114.6748046875,10567.259765625
1416,9072.7666015625,10657.9404296875
1417,9047.6826171875,10333.5595703125
1418,9037.962890625,10554.099609375
1419,9041.904296875,10309.0302734375
1420,9061.12890625,10294.41015625
1421,9092.6923828125,10077.740234375
1422,9135.6279296875,10111.98046875
1423,9188.1083984375,10386.41015625
1424,9248.9970703125,10296.0595703125
1425,9317.2431640625,10319.900390625
1426,9392.0615234375,10308.73046875
1427,9472.4638671875,10255.8798828125
1428,9557.86328125,10208.8095703125
1429,9647.6298828125,9812.9697265625
1430,9741.6181640625,10224.7998046875
1431,9839.8515625,10129.009765625
1432,9941.6630859375,9870.0
1433,10038.7216796875,9978.0400390625
1434,10075.849609375,9713.5400390625
1435,10072.5068359375,8590.7802734375
1436,10019.8583984375,8357.0703125
1437,9940.6884765625,8026.7099609375
1438,9811.357421875,8182.1201171875
1439,9430.072265625,8138.919921875
1440,9182.5625,7989.7900390625
1441,8986.2080078125,8430.2197265625
1442,8757.7275390625,8269.9404296875
1443,8537.255859375,8342.5400390625
1444,8267.0185546875,8112.0498046875
1445,8018.61376953125,8153.4599609375
1446,7834.48486328125,8059.0
1447,7692.041015625,7869.6298828125
1448,7591.87744140625,8273.3095703125
1449,7518.201171875,8122.93017578125
1450,7472.125,8572.3701171875
1451,7523.3486328125,8579.75
1452,7524.3154296875,8316.01953125
1453,7064.447265625,8346.4599609375
1454,3877.583740234375,8290.2099609375
1455,3979.62353515625,8321.0
1456,4091.34375,8164.06005859375
1457,4157.03955078125,7966.009765625
1458,4202.03173828125,8072.580078125
1459,4274.93798828125,7949.7099609375
1460,4403.65380859375,7909.8701171875
1461,4495.37841796875,8237.9599609375
1462,4620.29833984375,8218.33984375
1463,4754.4384765625,7953.91015625
1464,4895.8759765625,7415.919921875
1465,5045.32080078125,7450.0
1466,5199.83349609375,9599.490234375
1467,5355.009765625,9158.9404296875
1468,5516.455078125,9644.7802734375
1469,5690.1044921875,9294.4404296875
1470,5843.68310546875,9289.3203125
1471,5953.376953125,9110.3701171875
1472,6106.15478515625,9076.0302734375
1473,6258.81298828125,9260.0
1474,6371.68310546875,9349.16015625
1475,6429.25,9147.9296875
1476,6584.19189453125,9429.150390625
1477,6753.615234375,9317.400390625
1478,6901.77099609375,9296.0498046875
1479,7047.34375,9219.8798828125
1480,7197.46142578125,8825.6201171875
1481,7343.0986328125,8777.26953125
1482,7490.3623046875,9010.26953125
1483,7635.7421875,8729.9501953125
1484,7780.6669921875,8720.1396484375
1485,7925.3388671875,8747.75
1486,8069.8408203125,8541.919921875
1487,8214.365234375,8448.6396484375
1488,8359.3076171875,8471.6103515625
1489,8511.0458984375,8473.849609375
1490,8589.13671875,8140.39013671875
1491,8596.583984375,8117.31982421875
1492,8513.498046875,8102.6201171875
1493,8472.7412109375,7589.14013671875
1494,8414.873046875,7286.10009765625
1495,8327.263671875,7223.66015625
1496,8212.7001953125,6677.0
1497,8065.556640625,7247.85986328125
1498,7896.46484375,7075.52001953125
1499,7718.83203125,7499.7099609375
1500,7525.599609375,7498.68994140625
1501,7357.5400390625,7749.22021484375
1502,7225.03662109375,7301.669921875
1503,7126.86279296875,7370.56982421875
1504,7059.3564453125,7357.1298828125
1505,7019.09521484375,7147.68994140625
1506,7005.97119140625,7218.5498046875
1507,7011.35205078125,7379.6298828125
1508,7035.4482421875,7535.97021484375
1509,7075.7236328125,7415.259765625
1510,7130.40380859375,7520.509765625
1511,7198.0283203125,7371.18017578125
1512,7277.58203125,7213.47021484375
1513,7313.99169921875,7154.490234375
1514,7311.92578125,7217.990234375
1515,7275.642578125,7248.85986328125
1516,7209.15771484375,7054.91015625
1517,7115.55224609375,7060.14990234375
1518,6997.58203125,6866.68017578125
1519,6857.115234375,6683.259765625
1520,6706.03955078125,7165.56982421875
1521,6599.7470703125,7120.60986328125
1522,6525.232421875,7163.31982421875
1523,6479.0615234375,7135.330078125
1524,6457.71728515625,7603.43994140625
1525,6457.62158203125,7311.9599609375
1526,6479.03369140625,7225.02001953125
1527,6516.26611328125,7180.72021484375
1528,6569.14453125,7213.02001953125
1529,6635.95068359375,7273.490234375
1530,6714.68798828125,7290.22021484375
1531,6803.71826171875,7339.0
1532,6902.0712890625,7211.990234375
1533,7014.70361328125,7198.0
1534,7129.23046875,7103.22998046875
1535,7196.8701171875,6933.39990234375
1536,7217.044921875,7331.83984375
1537,7290.01416015625,7474.52001953125
1538,7372.92236328125,7544.5400390625
1539,7464.1953125,7898.1298828125
1540,7561.67822265625,8306.4697265625
1541,7663.87841796875,7947.580078125
1542,7771.1884765625,7805.3798828125
1543,7874.71142578125,8160.990234375
1544,7982.47021484375,8082.830078125
1545,8094.02587890625,8095.7900390625
1546,8185.12890625,8466.4296875
1547,8283.162109375,8718.740234375
1548,8381.5771484375,8628.259765625
1549,8482.8603515625,8776.669921875
1550,8586.205078125,8914.6201171875
1551,8690.990234375,9148.0
1552,8775.341796875,8653.0400390625
1553,8819.37109375,8653.150390625
1554,8754.9462890625,8694.6796875
1555,8651.84375,8562.509765625
1556,8565.048828125,8309.330078125
1557,8477.3662109375,8283.26953125
1558,8364.0341796875,8333.0
1559,8281.626953125,8639.2099609375
1560,8221.2607421875,9088.98046875
1561,8179.78564453125,9343.75
1562,8154.681640625,9250.849609375
1563,8144.04150390625,9430.25
1564,8146.390625,9409.6904296875
1565,8160.23779296875,9248.900390625
1566,8184.30029296875,9370.0
1567,8217.5498046875,9266.349609375
1568,8259.1953125,9216.490234375
1569,8307.78125,9619.41015625
1570,8364.427734375,9768.669921875
1571,8425.0146484375,9714.3095703125
1572,8490.5283203125,10055.0
1573,8559.8662109375,10081.8798828125
1574,8632.982421875,9723.4296875
1575,8709.73828125,10299.7099609375
1576,8789.126953125,10411.650390625
1577,8871.060546875,10249.1396484375
1578,8954.9140625,10274.650390625
1579,9043.38671875,9997.0595703125
1580,9133.67578125,9814.400390625
1581,9224.1982421875,9723.8701171875
1582,9316.3017578125,10160.099609375
1583,9409.3408203125,9575.599609375
1584,9504.203125,9711.240234375
1585,5462.13671875,9674.0
1586,6356.92724609375,9818.490234375
1587,6468.16552734375,9778.8603515625
1588,6580.48583984375,9572.8095703125
1589,6723.48486328125,9147.7998046875
1590,6811.16259765625,8728.009765625
1591,6893.5283203125,8835.2099609375
1592,6997.9990234375,8729.4296875
1593,7114.43603515625,8608.4697265625
1594,7201.34130859375,8608.0595703125
1595,7290.3115234375,8880.009765625
1596,7272.2119140625,8784.5400390625
1597,7408.8046875,8876.6796875
1598,7530.29296875,9052.6396484375
1599,7651.28125,9114.7001953125
1600,7782.06298828125,8752.51953125
1601,7906.33251953125,8069.77001953125
1602,7999.46533203125,7900.52001953125
1603,8022.0361328125,7925.9599609375
1604,8039.220703125,7662.2998046875
1605,7976.62451171875,5365.419921875
1606,7870.28955078125,5605.10009765625
1607,7689.2265625,5168.25
1608,7553.1865234375,5263.56005859375
1609,7385.38671875,5340.66015625
1610,7180.37841796875,5410.72998046875
1611,6957.76416015625,5303.2998046875
1612,6725.5439453125,6164.02001953125
1613,6482.36962890625,6255.0498046875
1614,6228.22119140625,6355.2900390625
1615,5982.751953125,5964.58984375
1616,5758.03173828125,6551.39013671875
1617,5581.408203125,6576.14013671875
1618,5447.87353515625,6742.669921875
1619,5352.57080078125,6809.64990234375
1620,5291.47509765625,6124.7998046875
1621,5262.8193359375,6222.66015625
1622,5263.73193359375,6013.9501953125
1623,5289.748046875,6441.7001953125
1624,5361.56884765625,6373.9501953125
1625,5428.02734375,6618.64013671875
1626,5511.19287109375,6778.77978515625
1627,5606.49658203125,6700.39990234375
1628,5713.85302734375,6801.33984375
1629,5831.6572265625,6850.990234375
1630,5957.5576171875,7332.47998046875
1631,6091.119140625,7350.68994140625
1632,6234.208984375,7291.7900390625
1633,6379.24609375,7180.75
1634,6528.11181640625,6920.52978515625
1635,6688.11279296875,6817.4501953125
1636,6846.2978515625,6688.10009765625
1637,6961.0517578125,6899.009765625
1638,7015.3154296875,6909.85009765625
1639,7039.09423828125,6663.5
1640,7004.15087890625,7093.39990234375
1641,7048.96337890625,7101.33984375
1642,7097.52685546875,7240.02001953125
1643,7160.48486328125,7171.759765625
1644,7199.82861328125,6867.0
1645,7199.55224609375,6873.02001953125
1646,7150.39892578125,7118.830078125
1647,7110.5908203125,7530.0
1648,7094.3388671875,7530.22998046875
1649,7100.96826171875,7553.68017578125
1650,7124.98486328125,7702.8701171875
1651,7161.57666015625,7715.68994140625
1652,7210.38720703125,7961.2001953125
1653,7270.43994140625,9191.3203125
1654,7340.083984375,8780.3203125
1655,7418.01513671875,8801.7001953125
1656,7500.64306640625,8998.91015625
1657,7611.55078125,8668.8203125
1658,7707.4873046875,9021.759765625
1659,7829.1416015625,9032.0
1660,7932.88720703125,9316.1103515625
1661,8038.541015625,9823.5595703125
1662,8145.87158203125,9606.8701171875
1663,8255.4677734375,8830.08984375
1664,8369.216796875,8673.4501953125
1665,8486.396484375,8663.98046875
1666,8606.4404296875,8880.6396484375
1667,8728.8955078125,9515.41015625
1668,8850.3779296875,9681.2900390625
1669,8972.31640625,9383.419921875
1670,9095.5087890625,9545.0
1671,9218.9638671875,9779.919921875
1672,9356.7373046875,9561.75
1673,9479.88671875,9762.5498046875
1674,9586.40234375,9440.75
1675,9611.7568359375,9078.7900390625
1676,9632.0546875,9256.0
1677,9538.4296875,9262.7197265625
1678,9476.5634765625,8861.1904296875
1679,9386.39453125,8959.1396484375
1680,9261.3671875,8844.849609375
1681,9121.2236328125,9141.0703125
1682,9025.4267578125,9518.8798828125
1683,8953.8017578125,9530.3701171875
1684,8903.35546875,9557.7802734375
1685,8871.904296875,9562.509765625
1686,8856.85546875,10118.919921875
1687,8856.4951171875,9505.51953125
1688,8869.396484375,9643.650390625
1689,8893.7333984375,9776.6796875
1690,8929.71484375,9608.75
1691,8976.1884765625,9652.6396484375
1692,9028.0791015625,9730.7001953125
1693,9087.111328125,9679.26953125
1694,9152.44921875,9750.0
1695,9222.9775390625,9797.3896484375
1696,9298.9599609375,9427.1796875
1697,9379.8310546875,9437.2802734375
1698,9466.7451171875,9402.0595703125
1699,9508.796875,9106.1796875
1700,9522.255859375,9502.0595703125
1701,9509.46875,9500.0
1702,9442.47265625,9431.0400390625
1703,9261.7255859375,9288.759765625
1704,9212.2138671875,9292.7197265625
1705,9181.673828125,9367.669921875
1706,9167.958984375,9418.4697265625
1707,9168.75,9661.0302734375
1708,9182.1953125,9499.9404296875
1709,9200.0458984375,9163.1796875
1710,9221.9931640625,9122.580078125
1711,9209.0947265625,9165.009765625
1712,9164.9765625,9016.4296875
1713,8993.625,9083.6796875
1714,9043.1083984375,9141.6904296875
1715,9012.4931640625,9133.5
1716,8999.0556640625,9211.0400390625
1717,9001.162109375,9104.4296875
1718,9017.1533203125,9074.6201171875
1719,9048.048828125,9069.73046875
1720,9065.28515625,9198.9296875
1721,9095.896484375,9261.150390625
1722,9161.1884765625,9283.419921875
1723,9213.8681640625,9401.6103515625
1724,9276.794921875,9146.4599609375
1725,9122.984375,9275.41015625
1726,9208.9296875,9252.7998046875
1727,9255.2783203125,9265.0400390625
1728,9287.30078125,9177.8603515625
1729,9281.4697265625,9227.849609375
1730,9225.99609375,9112.5302734375
1731,9127.2861328125,9100.9697265625
1732,9081.7265625,9140.740234375
1733,9049.0380859375,9159.48046875
1734,9035.587890625,9183.1298828125
1735,9039.2109375,9316.76953125
1736,9057.9453125,9302.08984375
1737,9089.361328125,9501.0400390625
1738,9131.6025390625,9519.2197265625
1739,9184.33984375,9577.8095703125
1740,9246.771484375,9720.580078125
1741,7819.69921875,10168.6396484375
1742,8096.78857421875,10891.3798828125
1743,7821.6669921875,11026.4296875
1744,7965.03955078125,10945.5400390625
1745,7924.15625,11150.0
1746,7659.5439453125,11660.9501953125
1747,7772.32421875,11332.5595703125
1748,7874.75927734375,11200.0
1749,7778.69482421875,11297.3896484375
1750,7871.95947265625,11277.0400390625
1751,7854.4052734375,11647.8095703125
1752,7947.4208984375,11794.2802734375
1753,8051.0107421875,11598.25
1754,8150.60888671875,11705.8701171875
1755,8251.466796875,11993.2998046875
1756,8353.0595703125,11757.3203125
1757,8599.3896484375,11457.8095703125
1758,8701.048828125,11524.33984375
1759,8803.1552734375,11720.6298828125
1760,8915.7626953125,11901.169921875
1761,9025.1865234375,11866.0595703125
1762,9126.892578125,11813.9697265625
1763,9229.6796875,12268.849609375
1764,9330.20703125,11817.51953125
1765,9430.7626953125,11705.2099609375
1766,9531.298828125,11830.1796875
1767,9631.6435546875,11586.51953125
1768,9732.0576171875,11619.4296875
1769,9832.361328125,11756.7197265625
1770,9932.3046875,11574.9697265625
1771,10034.388671875,11344.900390625
1772,10134.626953125,11403.099609375
1773,10235.8896484375,11382.0
1774,10336.2060546875,11575.3798828125
1775,10436.7001953125,11593.759765625
1776,10537.1435546875,11628.5302734375
1777,10637.5380859375,11920.919921875
1778,10735.47265625,11728.6904296875
1779,10833.236328125,11411.41015625
1780,10901.1728515625,10301.51953125
1781,10884.4873046875,10410.0400390625
1782,10873.0078125,10236.0703125
1783,10761.5205078125,10117.6103515625
1784,10627.1630859375,10271.830078125
1785,10492.458984375,10194.26953125
1786,10354.6318359375,10280.0
1787,10190.4482421875,10260.0
1788,10102.4716796875,10345.9697265625
1789,10019.5224609375,10543.1796875
1790,9958.5380859375,10403.2099609375
1791,9916.6142578125,10742.58984375
1792,9891.345703125,10925.16015625
1793,9883.5927734375,10890.4599609375
1794,9885.7880859375,10958.8896484375
1795,9899.5224609375,10907.51953125
1796,9923.3134765625,10960.6396484375
1797,9956.2666015625,10900.0
1798,9998.3896484375,10373.83984375
1799,10048.455078125,10425.080078125
1800,10106.330078125,10340.98046875
1801,10170.203125,10695.0
1802,10246.982421875,10714.9404296875
1803,10325.1708984375,10673.0595703125
1804,10405.0673828125,10857.7900390625
1805,10488.595703125,10725.4599609375
1806,10576.138671875,10695.009765625
1807,10668.1259765625,10830.990234375
1808,10738.236328125,10490.7099609375
1809,10764.6318359375,10533.669921875
1810,10725.8212890625,10612.3701171875
1811,10656.2939453125,10694.900390625
1812,10628.92578125,10713.48046875
1813,10593.80859375,10617.830078125
1814,10576.712890625,10590.8896484375
1815,10575.259765625,10894.830078125
1816,10587.2109375,11383.650390625
1817,10610.3017578125,11353.25
1818,10643.2509765625,11376.1298828125
1819,10685.2900390625,11457.8798828125
1820,10734.720703125,11419.9501953125
1821,10796.728515625,11405.1904296875
1822,10858.92578125,11317.3896484375
1823,10926.974609375,11353.58984375
1824,10999.8271484375,11457.7197265625
1825,11077.2998046875,11467.349609375
1826,11158.529296875,11740.1298828125
1827,11242.5595703125,12190.5595703125
1828,11328.7294921875,12773.4501953125
1829,11414.4794921875,12891.26953125
1830,11502.2666015625,12932.759765625
1831,11589.4111328125,13046.0703125
1832,11675.87890625,13037.58984375
1833,11762.1650390625,13154.7099609375
1834,11847.65234375,13674.16015625
1835,11932.673828125,13140.419921875
1836,12018.2763671875,13218.400390625
1837,12102.052734375,13589.0498046875
1838,12185.2060546875,13805.83984375
1839,12267.7275390625,13755.0302734375
1840,12349.9404296875,13449.7802734375
1841,12433.4169921875,13588.1201171875
1842,12514.7138671875,14499.3701171875
1843,12593.64453125,15760.1298828125
1844,12669.67578125,15466.75
1845,12744.1376953125,14954.3896484375
1846,12816.455078125,15320.66015625
1847,12886.9375,15303.349609375
1848,12955.8115234375,15416.1103515625
1849,13023.5087890625,15879.3203125
1850,13089.6552734375,16277.330078125
1851,13153.287109375,16109.8095703125
1852,13214.8544921875,16043.1796875
1853,13275.73828125,16258.4697265625
1854,13334.1259765625,16762.0390625
1855,13390.1259765625,18090.0
1856,13446.9814453125,17673.16015625
1857,11884.166015625,18234.900390625
1858,7501.3583984375,18675.669921875
1859,5750.22998046875,18520.98046875
1860,4028.907470703125,18479.83984375
1861,4591.294921875,18395.25
1862,4479.40625,19000.05078125
1863,4557.2861328125,17614.609375
1864,4518.7041015625,17091.609375
1865,4469.8359375,17018.25
1866,4533.1396484375,17827.150390625
1867,4595.4111328125,18639.25
1868,4663.49560546875,19532.869140625
1869,4700.53955078125,19112.130859375
1870,4646.4267578125,19209.939453125
1871,4717.333984375,19309.48046875
1872,4789.36328125,18926.9609375
1873,4862.70361328125,19228.310546875
1874,5070.48388671875,19375.470703125
1875,5180.50390625,19149.259765625
1876,5254.2607421875,17903.919921875
1877,5357.458984375,18342.490234375
1878,5432.9326171875,17799.94921875
1879,5509.35400390625,18384.900390625
1880,5586.03515625,19255.9296875
1881,5662.419921875,19158.419921875
1882,5738.83447265625,19203.0390625
1883,5814.3935546875,19442.30078125
1884,5888.65283203125,22494.359375
1885,5960.4345703125,23059.419921875
1886,6029.90380859375,22885.5703125
1887,6097.01123046875,23646.80078125
1888,6161.78173828125,23976.44921875
1889,6224.75537109375,22653.349609375
1890,6285.90478515625,23554.76953125
1891,6345.39013671875,23163.490234375
1892,6403.30322265625,23637.060546875
1893,6459.29296875,24780.349609375
1894,6512.966796875,27602.91015625
1895,6563.96337890625,26963.810546875
1896,6614.67236328125,26375.5
1897,6661.1826171875,28367.91015625
1898,6705.20703125,29178.30078125
1899,6746.8076171875,29173.169921875
1900,6786.1259765625,29834.259765625
1901,6822.75,34484.5
1902,6856.40771484375,32092.7109375
1903,6887.8984375,30838.529296875
1904,6917.13134765625,34808.71875
1905,6943.68505859375,36909.8984375
1906,6967.2822265625,38978.55859375
1907,6987.89453125,39651.55859375
1908,7005.84765625,41052.46875
1909,7021.75390625,34319.390625
1910,7036.78173828125,36459.421875
1911,7050.7919921875,34973.109375
1912,7063.66552734375,38224.48046875
1913,7074.8974609375,38423.48828125
1914,7085.07177734375,36585.6015625
1915,7094.2939453125,34777.6796875
1916,7104.46142578125,36101.1796875
1917,7112.38720703125,37205.1484375
1918,7119.6552734375,35700.0
1919,7126.66064453125,34603.8203125
1920,7134.1162109375,30822.3203125
1921,7141.88818359375,32988.98046875
1922,7149.95458984375,32781.66015625
1923,7158.2275390625,33387.9609375
1924,7166.54052734375,31651.830078125
1925,7175.1435546875,31808.029296875
1926,7184.27685546875,31192.220703125
1927,7193.484375,32330.169921875
1928,7202.21923828125,34037.73046875
1929,7210.65283203125,33624.76953125
1930,7219.00048828125,33828.8203125
1931,7227.16845703125,34258.69921875
1932,7235.00341796875,36349.53125
1933,7242.853515625,37891.25
1934,7248.86279296875,37706.73046875
1935,7254.001953125,39378.80859375
1936,7258.07763671875,39082.73828125
1937,7261.41064453125,39304.30078125
1938,7263.38232421875,47595.48828125
1939,7263.62841796875,46642.3515625
1940,7262.49853515625,44772.76171875
1941,7259.958984375,47374.51171875
1942,7256.11376953125,47074.4296875
1943,7251.16259765625,48767.94140625
1944,7245.06298828125,47338.578125
1945,7237.9794921875,49162.359375
1946,7229.93017578125,51173.69921875
1947,7220.75927734375,51931.91015625
1948,7210.607421875,51722.3515625
1949,7199.34716796875,55250.66015625
1950,7186.9267578125,56100.12890625
1951,7173.41845703125,56479.26953125
1952,7159.224609375,49666.0
1953,7145.025390625,50060.640625
1954,7130.654296875,50444.83984375
1955,7116.2216796875,44928.359375
1956,7102.0576171875,47190.0
1957,7088.1552734375,44429.44921875
1958,7074.72607421875,46322.609375
1959,7061.99365234375,48419.78125
1960,7048.55517578125,49800.41015625
1961,7035.15478515625,49726.16015625
1962,7023.060546875,47434.12890625
1963,7009.54833984375,48835.25
1964,6996.10595703125,50058.25
1965,6982.51708984375,49800.0
1966,6968.71484375,53549.75
1967,6954.48828125,54212.30859375
1968,6939.7548828125,55007.9296875
1969,6925.966796875,56686.73046875
1970,6911.70556640625,57357.7109375
1971,6895.3486328125,60462.328125
1972,6878.4384765625,57809.3515625
1973,6861.36767578125,55167.6015625
1974,6844.2021484375,55844.109375
1975,6826.888671875,58355.19140625
1976,6816.306640625,57801.53125
1977,6798.35302734375,58452.4296875
1978,6780.1748046875,57059.890625
1979,6761.98095703125,57585.37890625
1980,6743.8876953125,54178.73828125
1981,6726.0390625,55500.0
1982,6708.43212890625,52235.6015625
1983,6691.31494140625,53650.421875
1984,6674.4560546875,54982.8203125
1985,6657.71337890625,56212.328125
1986,6641.0546875,55911.12890625
1987,6626.0654296875,58118.2109375
1988,6609.23291015625,58192.859375
1989,6592.31103515625,58852.26953125
1990,6575.3017578125,59454.7109375
1991,6558.2119140625,59316.98828125
1992,6541.13427734375,57638.4609375
1993,6524.142578125,57284.19140625
1994,6507.189453125,58562.171875
1995,6490.326171875,57861.671875
1996,6486.2978515625,57010.0
1997,6448.71923828125,58050.0
1998,6433.69921875,60441.26171875
1999,6415.3603515625,59625.71875
2000,6399.056640625,60673.87109375
2001,6316.515625,61008.76171875
2002,6362.30224609375,64346.640625
2003,6345.689453125,62854.26953125
2004,6328.98291015625,61457.62890625
2005,6312.9677734375,62189.578125
2006,6296.46875,56328.23046875
2007,6280.49267578125,57441.26171875
2008,6264.986328125,54440.55859375
2009,6249.9287109375,55335.0390625
2010,6235.37451171875,54169.890625
2011,6221.7568359375,47864.671875
2012,,49861.44921875
2013,,49710.19921875
2014,,52904.6796875
2015,,54626.328125
2016,,54320.578125
2017,,54513.62109375
2018,,54355.96875
2019,,57789.828125
2020,,56692.6484375
2021,,58817.078125
2022,,55946.3203125
2023,,54871.87890625
2024,,56919.37890625
2025,,55817.30859375
2026,,58549.71875
2027,,58011.140625
2028,,58409.58984375
2029,,55761.37890625
2030,,57183.140625
2031,,50896.828125
2032,,50033.890625
2033,,48520.48828125
2034,,49337.71875
2035,,45176.33984375
2036,,45200.12109375
2037,,40378.78125
2038,,40019.3203125
2039,,39883.7109375
2040,,36298.78125
2041,,35913.51953125
2042,,36725.1015625
2043,,39048.94921875
2044,,40544.53125
2045,,38323.94921875
2046,,37000.0
2047,,36206.16015625
2048,,36024.390625
2049,,35835.2109375
2050,,36857.37109375
2051,,37238.640625
2052,,38662.0703125
2053,,36621.98046875
2054,,37596.51171875
2055,,36148.33984375
2056,,36152.73046875
2057,,32983.5
2058,,34178.390625
2059,,36994.7109375
2060,,37156.76953125
2061,,35348.33984375
2062,,35283.8203125
2063,,39582.76171875
2064,,40390.37109375
2065,,40131.91015625
2066,,39205.0
2067,,37705.12109375
2068,,35794.87109375
2069,,35619.69140625
2070,,33054.62890625
2071,,32596.9609375
2072,,34001.23828125
2073,,32841.01953125
2074,,34304.51953125
2075,,30726.849609375
2076,,33300.0
2077,,35051.30078125
2078,,34872.21875
2079,,35268.6015625
2080,,33340.73046875
2081,,33377.7109375
2082,,34512.05078125
2083,,35592.2109375
2084,,34271.69921875
2085,,34883.55859375
2086,,34742.03125
2087,,32497.279296875
2088,,32903.21875
2089,,33781.94140625
2090,,33506.671875
2091,,34292.3515625
2092,,33184.03125
2093,,31934.470703125
2094,,32463.490234375
2095,,31778.240234375
2096,,31522.7890625
2097,,31724.369140625
2098,,31614.76953125
2099,,29832.720703125
2100,,30825.310546875
2101,,32144.30078125
2102,,32495.5390625
2103,,33840.94921875
2104,,34717.390625
2105,,38155.9296875
2106,,37155.859375
2107,,39921.1796875
2108,,39926.890625
2109,,39717.46875
2110,,41567.7890625
2111,,41716.6015625
2112,,40127.828125
2113,,38606.21875
2114,,37802.03125
2115,,38864.33984375
2116,,40742.5390625
2117,,43248.921875
2118,,44851.0703125
2119,,43831.3203125
2120,,45976.2890625
2121,,46362.91015625
2122,,45278.05078125
2123,,46139.6015625
2124,,47663.03125
2125,,45797.46875
2126,,47337.7890625
2127,,45933.5
2128,,44992.5
2129,,44631.94140625
2130,,46794.62890625
2131,,48983.0703125
2132,,49232.390625
2133,,50162.94140625
2134,,49789.6484375
2135,,48156.91015625
2136,,46865.9609375
2137,,47501.640625
2138,,48984.76953125
2139,,48539.91015625
2140,,47966.91015625
2141,,47801.109375
2142,,47205.62890625
2143,,49879.23046875
2144,,49308.03125
2145,,50225.3203125
2146,,49894.26953125
2147,,51821.08984375
2148,,52369.1796875
2149,,45062.76171875
2150,,46299.37890625
2151,,46157.12890625
2152,,44961.0390625
2153,,45380.6015625
2154,,44491.9296875
2155,,45732.0
2156,,47210.4296875
2157,,48370.3203125
2158,,47730.23828125
2159,,48631.51171875
2160,,48184.2890625
2161,,44817.55859375
2162,,43292.8984375
2163,,42561.37109375
2164,,44291.01953125
2165,,44879.96875
2166,,42377.0
2167,,41275.25
2168,,43736.73046875
2169,,41766.859375
2170,,42469.5
2171,,43290.71875
2172,,44811.078125
2173,,47767.62890625
2174,,47917.80859375
2175,,47864.62109375
2176,,49485.98046875
2177,,51475.7890625
2178,,54789.94921875
2179,,54786.73828125
2180,,54946.3203125
2181,,55656.96875
2182,,56830.44921875
2183,,57367.1796875
2184,,54623.28125
2185,,57457.1015625
2186,,59216.69140625
2187,,61724.23828125
2188,,60350.3203125
2189,,61892.609375
2190,,62301.5703125
2191,,64021.25
2192,,65095.01953125
2193,,63428.140625
2194,,60879.2109375
2195,,60701.37890625
2196,,62650.0
2197,,62444.03125
2198,,59979.109375
2199,,59028.01171875
2200,,60578.46875
2201,,61563.6484375
2202,,61382.26171875
2203,,62215.7109375
2204,,61544.94140625
2205,,63457.640625
2206,,61895.0
2207,,62203.23046875
2208,,60857.46875
2209,,61820.109375
2210,,65976.046875
2211,,67906.78125
2212,,66452.7265625
2213,,65256.5390625
2214,,64470.1484375
2215,,64051.16015625
2216,,64642.87890625
2217,,65623.9765625
2218,,60840.859375
2219,,59729.51953125
2220,,59748.12890625
2221,,56044.578125
2222,,58460.1015625
2223,,59037.1796875
2224,,57311.69140625
2225,,56055.7890625
2226,,56534.0390625
2227,,57701.078125
2228,,56997.671875
2229,,54438.390625
2230,,54559.33984375
2231,,57580.609375
2232,,56541.76171875
2233,,57180.0
2234,,56847.921875
2235,,56798.94921875
2236,,47337.890625
2237,,49386.48828125
2238,,48500.37890625
2239,,50956.3203125
2240,,50527.390625
2241,,50068.05859375
2242,,47667.1015625
2243,,48079.1015625
2244,,49338.9296875
2245,,48757.171875
2246,,47007.69921875
2247,,48231.9296875
2248,,48734.8203125
2249,,47037.91015625
2250,,46408.03125
2251,,47551.7890625
2252,,46465.28125
2253,,48608.30078125
2254,,49279.7890625
2255,,48157.21875
2256,,51023.140625
2257,,50966.96875
2258,,49967.44921875
2259,,50723.6796875
2260,,49246.51953125
2261,,47546.05859375
2262,,46994.9296875
2263,,47178.94140625
2264,,47236.6484375
2265,,47194.80859375
2266,,47070.26953125
2267,,46527.609375
2268,,46404.73828125
2269,,43239.6796875
2270,,41722.01953125
2271,,41921.3984375
2272,,41807.87890625
2273,,42056.48046875
2274,,42217.1015625
2275,,42592.140625
2276,,43730.21875
2277,,42668.328125
2278,,43100.9609375
2279,,43240.48046875
2280,,42663.69921875
2281,,42058.98046875
2282,,41255.71875
2283,,42086.19921875
2284,,39169.23828125
2285,,35398.6015625
2286,,35628.4296875
2287,,34889.7109375
2288,,36075.1484375
2289,,37371.78125
2290,,36196.5
2291,,36798.609375
2292,,37868.8203125
2293,,38277.98828125
2294,,37141.5703125
2295,,38468.390625
2296,,38285.66015625
2297,,37055.05859375
2298,,37891.7890625
2299,,41413.80078125
2300,,41650.0
2301,,42780.01171875
2302,,44915.7109375
2303,,43853.55859375
2304,,44120.51953125
2305,,43384.9609375
2306,,42131.171875
2307,,42452.48828125
2308,,42337.26171875
2309,,43735.69140625
2310,,44227.69140625
2311,,43962.0390625
2312,,40690.03125
2313,,40306.75
2314,,38811.55078125
2315,,39335.98046875
2316,,36790.5390625
2317,,38189.12109375
2318,,35313.3984375
2319,,38519.3203125
2320,,39227.3984375
2321,,38837.37109375
2322,,38378.12890625
2323,,43529.828125
2324,,44000.44140625
2325,,43483.51171875
2326,,41461.37890625
2327,,39033.08984375
2328,,39406.3515625
2329,,37905.75
2330,,38559.171875
2331,,41792.12890625
2332,,39247.19140625
2333,,39141.71875
2334,,39110.0
2335,,39098.1796875
2336,,39081.80859375
2337,,38461.078125
2338,,39579.8984375
2339,,40753.9609375
2340,,40602.73828125
2341,,41640.98046875
2342,,41883.87109375
2343,,41132.08984375
2344,,42270.03125
2345,,42138.4296875
2346,,43105.0703125
2347,,43949.9296875
2348,,44535.859375
2349,,44763.48828125
2350,,47010.0
2351,,47385.71875
2352,,47409.83984375
2353,,47188.671875
2354,,45018.328125
2355,,46613.8984375
2356,,46384.609375
2357,,46189.390625
2358,,46716.0
2359,,45309.69921875
2360,,43458.671875
2361,,43777.1484375
2362,,42496.1484375
2363,,42651.87890625
2364,,42341.5
2365,,40199.3515625
2366,,40143.7890625
2367,,41274.55859375
2368,,40244.30078125
2369,,40418.1015625
2370,,40309.4609375
2371,,38909.078125
2372,,40703.0703125
2373,,41348.55078125
2374,,41911.83984375
2375,,40716.46875
2376,,39617.80078125
2377,,39757.0390625
2378,,38466.8203125
2379,,40604.671875
2380,,39067.94921875
2381,,39391.9609375
2382,,39616.73828125
2383,,38671.359375
2384,,37980.1015625
2385,,38867.44140625
2386,,38532.98828125
2387,,38697.19921875
2388,,39579.05078125
2389,,36383.5703125
2390,,35916.19921875
2391,,34602.2109375
2392,,33532.6796875
2393,,31609.310546875
2394,,30611.48046875
2395,,27717.0703125
2396,,30110.130859375
2397,,29360.810546875
2398,,29790.859375
2399,,29572.439453125
2400,,30383.669921875
2401,,29884.01953125
2402,,29174.830078125
2403,,30249.66015625
2404,,29387.9609375
2405,,29409.25
2406,,30425.0
2407,,29380.33984375
2408,,29674.669921875
2409,,29709.279296875
2410,,28956.51953125
2411,,28864.419921875
2412,,28982.970703125
2413,,30635.619140625
2414,,31561.740234375
2415,,31464.94921875
2416,,29949.8203125
2417,,30441.439453125
2418,,29691.310546875
2419,,29651.220703125
2420,,31274.990234375
2421,,29574.759765625
2422,,30574.130859375
2423,,30464.91015625
2424,,30033.869140625
2425,,29306.08984375
2426,,27621.640625
2427,,24761.369140625
2428,,22866.259765625
2429,,20691.48046875
2430,,21755.9296875
2431,,21083.509765625
2432,,19237.30078125
2433,,18278.810546875
2434,,20062.779296875
2435,,21102.4296875
2436,,20089.140625
2437,,20434.44921875
2438,,20896.189453125
2439,,21494.0703125
2440,,21389.91015625
2441,,21345.849609375
2442,,20870.0
2443,,20073.66015625
2444,,19413.94921875
2445,,19559.029296875
2446,,19107.6796875
2447,,19116.4296875
2448,,19104.220703125
2449,,20192.5390625
2450,,20138.810546875
2451,,20426.33984375
2452,,21797.58984375
2453,,21643.0
2454,,21331.140625
2455,,20432.7890625
2456,,19724.73046875
2457,,19698.419921875
2458,,19979.0
2459,,20826.060546875
2460,,20544.01953125
2461,,21475.7109375
2462,,22280.509765625
2463,,21776.609375
2464,,23397.259765625
2465,,22932.69921875
2466,,23126.369140625
2467,,22781.060546875
2468,,22712.5390625
2469,,21975.98046875
2470,,21077.51953125
2471,,21345.19921875
2472,,22919.390625
2473,,23945.0
2474,,23885.69921875
2475,,23722.259765625
2476,,23332.470703125
2477,,22896.41015625
2478,,22984.009765625
2479,,22950.919921875
2480,,23194.51953125
2481,,23189.98046875
2482,,23025.33984375
2483,,23831.19921875
2484,,23880.810546875
2485,,22983.98046875
2486,,24434.0
2487,,23977.0
2488,,24591.0
2489,,24896.0
2490,,24044.0
2491,,24047.0
2492,,23790.0
2493,,23415.0
2494,,21909.0
2495,,21307.0
2496,,21235.0
2497,,21096.0
2498,,21307.0
2499,,21309.0
2500,,21746.0
2501,,21460.0
2502,,20272.0
2503,,20056.0
2504,,19900.0
2505,,20438.0
2506,,20265.0
2507,,19898.0
2508,,20116.0
2509,,19815.0
2510,,19646.0
2511,,19754.0
2512,,19908.0
2513,,18806.0
2514,,19173.0
2515,,20633.0
2516,,21292.0
2517,,21615.0
2518,,22208.0
2519,,22282.0
2520,,20230.0
2521,,20210.0
2522,,19738.0
2523,,19841.0
2524,,20054.0
2525,,18468.0
2526,,19366.0
2527,,18946.0
2528,,18941.0
2529,,19225.0
2530,,18997.0
2531,,19099.0
2532,,18915.0
2533,,20182.0
2534,,18785.0
2535,,19360.0
2536,,19577.0
2537,,19314.0
2538,,19286.0
2539,,19196.0
2540,,19967.0
2541,,20232.0
2542,,20224.0
2543,,19934.0
2544,,19502.0
2545,,19416.0
2546,,19414.0
2547,,19081.0
2548,,19113.0
2549,,19009.0
2550,,19645.0
2551,,19171.0
2552,,19134.0
2553,,19298.0
2554,,19671.0
2555,,19220.0
2556,,19143.0
2557,,19030.0
2558,,19167.0
2559,,19164.0
2560,,19323.0
2561,,19309.0
2562,,20355.0
2563,,20705.0
2564,,20083.0
2565,,20781.0
2566,,20850.0
2567,,20550.0
2568,,20595.0
2569,,20426.0
2570,,20302.0
2571,,20611.0
2572,,21390.0
2573,,21196.0
2574,,20636.0
2575,,19803.0
2576,,18253.0
2577,,16713.0
2578,,17352.0
2579,,16776.0
2580,,16742.0
2581,,16803.0
2582,,16828.0
2583,,16821.0
2584,,16594.0
2585,,16739.0
2586,,16587.0
2587,,16703.0
2588,,16001.0
2589,,15735.0
2590,,16555.0
2591,,16607.0
2592,,16450.0
2593,,16575.0
2594,,16561.0
2595,,16214.0
2596,,16456.0
2597,,16886.0
2598,,17070.0
2599,,16961.0
2600,,16969.0
2601,,16998.0
2602,,17318.0
2603,,17005.0
2604,,16770.0
2605,,16826.0
2606,,17216.0
2607,,17156.0
2608,,17185.0
2609,,16928.0
2610,,17169.0
2611,,17806.0
2612,,17693.0
2613,,17505.0
2614,,16747.0
2615,,16751.0
2616,,16728.0
2617,,16805.0
2618,,16821.0
2619,,16831.0
2620,,16849.0
2621,,16848.0
2622,,16826.0
2623,,16844.0
2624,,16871.0
2625,,16643.0
2626,,16548.0
2627,,16471.0
2628,,16559.0
2629,,16517.0
2630,,16718.0
2631,,16727.0
2632,,16867.0
2633,,16818.0
2634,,16784.0
2635,,16946.0
2636,,16950.0
2637,,17203.0
2638,,17198.0
2639,,17449.0
2640,,18137.0
2641,,18824.0
2642,,20901.0
2643,,20738.0
2644,,21118.0
2645,,21137.0
2646,,21310.0
2647,,20811.0
2648,,20970.0
2649,,22647.0
2650,,22901.0
2651,,22700.0
2652,,23055.0
2653,,22726.0
2654,,22982.0
2655,,23083.0
2656,,22999.0
2657,,23212.0
2658,,23649.0
2659,,22976.0
2660,,23079.0
2661,,23789.0
2662,,23452.0
2663,,23333.0
2664,,23387.0
2665,,22882.0
2666,,22913.0
2667,,23237.0
2668,,22680.0
2669,,21926.0
2670,,21694.0
2671,,21802.0
2672,,21891.0
2673,,21785.0
2674,,22121.0
2675,,24615.0
2676,,23641.0
2677,,24522.0
2678,,24580.0
2679,,24506.0
2680,,25004.0
2681,,24065.0
2682,,24385.0
2683,,23835.0
2684,,23121.0
2685,,23153.0
2686,,23425.0
2687,,23237.0
2688,,23720.0
2689,,23394.0
2690,,22367.0
2691,,22362.0
2692,,22378.0
2693,,22394.0
2694,,22419.0
2695,,21974.0
2696,,21684.0
2697,,19950.0
2698,,19968.0
2699,,20534.0
2700,,22565.0
2701,,24390.0
2702,,24996.0
2703,,24692.0
2704,,26139.0
2705,,27430.0
2706,,27042.0
2707,,28269.0
2708,,27599.0
2709,,28171.0
2710,,27724.0
2711,,28320.0
2712,,27526.0
2713,,27538.0
2714,,27851.0
2715,,26965.0
2716,,28095.0
2717,,28734.0
2718,,27749.0
2719,,28441.0
2720,,28436.0
2721,,27983.0
2722,,28034.0
2723,,28531.0
2724,,27920.0
2725,,27855.0
2726,,28112.0
2727,,27944.0
2728,,28309.0
2729,,30141.0
2730,,30019.0
2731,,30105.0
2732,,30780.0
2733,,30462.0
2734,,30379.0
2735,,29860.0
2736,,29780.0
2737,,30088.0
2738,,28879.0
2739,,28160.0
2740,,27282.0
2741,,27736.0
2742,,27449.0
2743,,27269.0
2744,,28387.0
2745,,28901.0
2746,,29504.0
2747,,29377.0
2748,,29289.0
2749,,28633.0
2750,,28061.0
2751,,28671.0
2752,,29072.0
2753,,29083.0
2754,,29416.0
2755,,28961.0
2756,,28020.0
2757,,27679.0
2758,,27552.0
2759,,27471.0
2760,,26311.0
2761,,26795.0
2762,,26872.0
2763,,27421.0
2764,,27261.0
2765,,26853.0
2766,,27399.0
2767,,26863.0
2768,,26863.0
2769,,27072.0
2770,,26846.0
2771,,27306.0
2772,,26674.0
2773,,26127.0
2774,,26508.0
2775,,26736.0
2776,,27221.0
2777,,27912.0
2778,,27737.0
2779,,27176.0
2780,,26808.0
2781,,27057.0
2782,,27185.0
2783,,27149.0
2784,,26844.0
2785,,25739.0
2786,,26795.0
2787,,26444.0
2788,,26502.0
2789,,25662.0
2790,,25753.0
2791,,25816.0
2792,,26073.0
2793,,25900.0
2794,,24919.0
2795,,25509.0
2796,,26582.0
2797,,26578.0
2798,,26421.0
2799,,26827.0
2800,,28872.0
2801,,30103.0
2802,,29948.0
2803,,30581.0
2804,,30743.0
2805,,30410.0
2806,,30410.0
2807,,30186.0
2808,,30330.0
2809,,30760.0
2810,,30459.0
2811,,30507.0
2812,,30676.0
2813,,30915.0
2814,,30770.0
2815,,30807.0
2816,,30013.0
2817,,30201.0
2818,,30273.0
2819,,30116.0
2820,,30533.0
2821,,30740.0
2822,,30364.0
2823,,31109.0
2824,,30349.0
2825,,30277.0
2826,,30297.0
2827,,29972.0
2828,,30011.0
2829,,30209.0
2830,,29765.0
2831,,29946.0
2832,,29917.0
2833,,29821.0
2834,,29142.0
2835,,29215.0
2836,,29417.0
2837,,29135.0
2838,,29296.0
2839,,29291.0
2840,,29377.0
2841,,28931.0
2842,,29559.0
2843,,29018.0
2844,,29187.0
2845,,29009.0
2846,,29061.0
2847,,29043.0
2848,,29151.0
2849,,29808.0
2850,,29481.0
2851,,29373.0
2852,,29394.0
2853,,29381.0
2854,,29386.0
2855,,29373.0
2856,,29160.0
2857,,28582.0
2858,,26413.0
2859,,25908.0
2860,,26089.0
2861,,26016.0
2862,,26093.0
2863,,26051.0
2864,,26472.0
2865,,25962.0
2866,,26039.0
2867,,26030.0
2868,,25921.0
2869,,25995.0
2870,,27437.0
2871,,27255.0
2872,,25982.0
2873,,25789.0
2874,,25946.0
2875,,25952.0
2876,,25719.0
2877,,25713.0
2878,,25758.0
2879,,26249.0
2880,,25876.0
2881,,25851.0
2882,,25807.0
2883,,25820.0
2884,,25871.0
2885,,26343.0
2886,,26574.0
2887,,26503.0
2888,,26508.0
2889,,26715.0
2890,,26854.0
2891,,27114.0
2892,,26992.0
2893,,26670.0
2894,,26579.0
2895,,26567.0
2896,,26181.0
2897,,26264.0
2898,,26232.0
2899,,26434.0
2900,,27179.0
2901,,26935.0
2902,,27119.0
2903,,28317.0
2904,,27542.0
2905,,27449.0
2906,,27611.0
2907,,27648.0
2908,,27913.0
2909,,27922.0
2910,,27829.0
2911,,27658.0
2912,,27029.0
2913,,26805.0
2914,,26867.0
2915,,26869.0
2916,,26886.0
2917,,27855.0
2918,,28426.0
2919,,28513.0
2920,,28341.0
2921,,29256.0
2922,,29713.0
2923,,29835.0
2924,,30518.0
2925,,34023.0
2926,,33864.0
2927,,34655.0
2928,,33957.0
2929,,34048.0
2930,,34091.0
2931,,34209.0
2932,,34158.0
2933,,34459.0
2934,,35311.0
2935,,34463.0
2936,,34785.0
2937,,35190.0
2938,,34927.0
2939,,34952.0
2940,,35235.0
2941,,36557.0
2942,,36449.0
2943,,37038.0
2944,,37144.0
2945,,36975.0
2946,,36708.0
2947,,35587.0
2948,,37451.0
2949,,36247.0
2950,,36422.0
2951,,36630.0
2952,,37257.0
2953,,37299.0
2954,,36459.0
2955,,37390.0
2956,,37532.0
2957,,37831.0
2958,,37814.0
2959,,37299.0
2960,,37108.0
2961,,38128.0
2962,,37802.0
2963,,38254.0
2964,,38728.0
2965,,39497.0
2966,,41449.0
2967,,41526.0
2968,,43667.0
2969,,43895.0
2970,,43171.0
2971,,44204.0
2972,,43976.0
2973,,42117.0
2974,,41919.0
2975,,41095.0
2976,,42912.0
2977,,42712.0
2978,,42186.0
2979,,41856.0
2980,,41087.0
2981,,43028.0
2982,,42910.0
2983,,43753.0
2984,,43595.0
2985,,43593.0
2986,,43676.0
2987,,43218.0
2988,,42776.0
2989,,42467.0
2990,,43065.0
2991,,42316.0
2992,,41948.0
2993,,42519.0
2994,,42465.0
2995,,45495.0
2996,,45029.0
2997,,42804.0
2998,,43810.0
2999,,43697.0
3000,,44111.0
3001,,43984.0
3002,,46853.0
3003,,45778.0
3004,,46092.0
3005,,46021.0
3006,,43093.0
3007,,42998.0
3008,,42697.0
3009,,42736.0
3010,,42634.0
3011,,42856.0
3012,,41214.0
3013,,41629.0
3014,,41622.0
3015,,40987.0
3016,,39740.0
3017,,39941.0
3018,,40108.0
3019,,39955.0
3020,,41704.0
3021,,42393.0
3022,,42042.0
3023,,43354.0
3024,,43023.0
3025,,42148.0
3026,,43072.0
3027,,43031.0
3028,,42830.0
3029,,43024.0
3030,,42846.0
3031,,42883.0
3032,,44507.0
3033,,46202.0
3034,,47192.0
3035,,48194.0
3036,,48219.0
3037,,50010.0
3038,,49871.0
3039,,51834.0
3040,,51768.0
3041,,51934.0
3042,,51650.0
3043,,52407.0
3044,,51837.0
3045,,51567.0
3046,,51810.0
3047,,50912.0
3048,,51047.0
3049,,51713.0
3050,,51291.0
3051,,56095.0
3052,,58271.0
3053,,62699.0
3054,,61456.0
3055,,62086.0
3056,,61644.0
3057,,64117.0
3058,,66238.0
3059,,66759.0
3060,,66428.0
3061,,67361.0
3062,,68440.0
3063,,69465.0
3064,,71017.0
3065,,72150.0
3066,,72915.0
3067,,73259.0
3068,,68409.0
3069,,69430.0
3070,,65588.0
3071,,68165.0
3072,,64663.0
3073,,62963.0
3074,,67005.0
3075,,66170.0
3076,,64579.0
3077,,64586.0
3078,,66852.0
3079,,70512.0
3080,,69741.0
3081,,70387.0
3082,,69800.0
3083,,69898.0
3084,,70292.0
3085,,69625.0
3086,,66528.0
3087,,66188.0
3088,,66076.0
3089,,66930.0
3090,,68026.0
3091,,69390.0
3092,,70702.0
3093,,70394.0
3094,,69328.0
3095,,70742.0
3096,,70768.0
3097,,67458.0
3098,,64516.0
3099,,66341.0
3100,,63534.0
3101,,63332.0
3102,,61191.0
3103,,64574.0
3104,,63987.0
3105,,65153.0
3106,,66027.0
3107,,66132.0
3108,,66642.0
3109,,64008.0
3110,,64269.0
3111,,62927.0
3112,,63885.0
3113,,62397.0
3114,,63145.0
3115,,57441.0
3116,,57637.0
3117,,59170.0
3118,,62994.0
3119,,63760.0
3120,,64546.0
3121,,63686.0
3122,,62210.0
3123,,61237.0
3124,,63076.0
3125,,61007.0
3126,,60787.0
3127,,62327.0
3128,,61993.0
3129,,62188.0
3130,,66209.0
3131,,66431.0
3132,,66928.0
3133,,67297.0
3134,,66826.0
3135,,70855.0
3136,,69715.0
3137,,69690.0
3138,,67151.0
3139,,68732.0
3140,,69320.0
3141,,68612.0
3142,,67638.0
3143,,67888.0
3144,,67554.0
3145,,68160.0
3146,,67567.0
3147,,67686.0
3148,,68876.0
3149,,68991.0
3150,,71181.0
3151,,71015.0
3152,,71074.0
3153,,69538.0
3154,,69287.0
3155,,69271.0
3156,,67536.0
3157,,67438.0
3158,,67711.0
3159,,66864.0
3160,,66029.0
3161,,66224.0
3162,,66139.0
3163,,65668.0
3164,,65309.0
3165,,65839.0
3166,,64199.0
3167,,64463.0
3168,,64385.0
3169,,62394.0
3170,,60630.0
3171,,61729.0
3172,,60735.0
3173,,61274.0
3174,,60931.0
3175,,61409.0
3176,,63210.0
3177,,62531.0
3178,,60775.0
3179,,58167.0
3180,,54400.0
3181,,56617.0
3182,,57372.0
3183,,55862.0
3184,,57098.0
3185,,58972.0
3186,,58184.0
3187,,57115.0
3188,,58168.0
3189,,60078.0
3190,,62895.0
3191,,62948.0
3192,,65289.0
3193,,64668.0
3194,,63702.0
3195,,66608.0
3196,,66722.0
3197,,67250.0
3198,,66577.0
3199,,66063.0
3200,,64112.0
3201,,66910.0
3202,,68060.0
3203,,67569.0
3204,,69519.0
3205,,66935.0
3206,,66194.0
3207,,64302.0
3208,,64131.0
3209,,61626.0
3210,,60324.0
3211,,52694.0
3212,,56061.0
3213,,56959.0
3214,,57206.0
3215,,60881.0
3216,,60858.0
3217,,61262.0
3218,,58675.0
3219,,59240.0
3220,,60927.0
3221,,58046.0
3222,,58461.0
3223,,59267.0
3224,,59561.0
3225,,58519.0
3226,,60940.0
3227,,59726.0
3228,,61014.0
3229,,61076.0
3230,,64349.0
3231,,63906.0
3232,,63657.0
3233,,62904.0
3234,,58623.0
3235,,59601.0
3236,,59297.0
3237,,59102.0
3238,,58462.0
3239,,57544.0
3240,,59105.0
3241,,56729.0
3242,,57152.0
3243,,55776.0
3244,,54275.0
3245,,54428.0
3246,,54975.0
3247,,57208.0
3248,,56707.0
3249,,58140.0
3250,,58134.0
3251,,60168.0
3252,,60212.0
3253,,58907.0
3254,,58695.0
3255,,60444.0
3256,,62093.0
3257,,63539.0
3258,,63099.0
3259,,62949.0
3260,,63550.0
3261,,63553.0
3262,,63847.0
3263,,63840.0
3264,,65494.0
3265,,65823.0
3266,,65491.0
3267,,64570.0
3268,,64034.0
3269,,61710.0
3270,,60953.0
3271,,61429.0
3272,,62084.0
3273,,61957.0
3274,,63535.0
3275,,62293.0
3276,,62239.0
3277,,60824.0
3278,,60638.0
3279,,62743.0
3280,,62835.0
3281,,64580.0
3282,,65618.0
3283,,66968.0
3284,,67265.0
3285,,67941.0
3286,,68340.0
3287,,68358.0
3288,,68465.0
3289,,67356.0
3290,,66799.0
3291,,67049.0
3292,,67483.0
3293,,66963.0
3294,,67112.0
3295,,68329.0
3296,,70940.0
3297,,72200.0
3298,,72403.0
3299,,69220.0
3300,,69589.0
