交易 #,種類,信號,日期/時間,價格 USDT,合約,獲利 USDT,獲利 %,累計獲利 USDT,累計獲利 %,最大交易獲利 USDT,最大交易獲利 %,最大交易虧損 USDT,最大交易虧損 %
313,多頭出場,Trailing Stop,2023-11-01 20:45,35477.69,387049.32146,201741717.82,1.49,2213597113.92,10.03,201861703.11,1.49,7075261.60,0.05
313,多頭進場,Long,2023-11-01 20:45,34956.46,387049.32146,201741717.82,1.49,2213597113.92,10.03,201861703.11,1.49,7075261.60,0.05
312,多頭出場,Trailing Stop,2023-11-01 13:00,34875.84,693626.55201,59124727.29,0.25,2011855396.10,3.03,59235707.54,0.25,52084417.79,0.22
312,多頭進場,Long,2023-11-01 13:00,34790.60,693626.55201,59124727.29,0.25,2011855396.10,3.03,59235707.54,0.25,52084417.79,0.22
311,空頭出場,Trailing Stop,2023-10-30 17:15,34063.09,443380.85584,50948894.14,0.34,1952730668.81,2.68,51059739.36,0.34,39904277.03,0.26
311,空頭進場,Short,2023-10-30 17:15,34178.00,443380.85584,50948894.14,0.34,1952730668.81,2.68,51059739.36,0.34,39904277.03,0.26
310,空頭出場,Trailing Stop,2023-10-30 16:45,34382.23,487601.30019,4573700.20,0.03,1901781774.66,0.24,4685848.49,0.03,0,0
310,空頭進場,Short,2023-10-30 16:45,34391.61,487601.30019,4573700.20,0.03,1901781774.66,0.24,4685848.49,0.03,0,0
309,多頭出場,Trailing Stop,2023-10-30 14:15,34830.77,484984.1621,15897780.83,0.09,1897208074.47,0.84,16009327.19,0.09,0,0
309,多頭進場,Long,2023-10-30 14:15,34797.99,484984.1621,15897780.83,0.09,1897208074.47,0.84,16009327.19,0.09,0,0
308,多頭出場,Trailing Stop,2023-10-30 13:45,34771.20,498434.14164,16328702.48,0.09,1881310293.63,0.88,16438357.99,0.09,0,0
308,多頭進場,Long,2023-10-30 13:45,34738.44,498434.14164,16328702.48,0.09,1881310293.63,0.88,16438357.99,0.09,0,0
307,多頭出場,Trailing Stop,2023-10-30 09:45,34629.81,561981.31357,5513036.69,0.03,1864981591.15,0.3,5619813.14,0.03,0,0
307,多頭進場,Long,2023-10-30 09:45,34620.00,561981.31357,5513036.69,0.03,1864981591.15,0.3,5619813.14,0.03,0,0
306,多頭出場,Trailing Stop,2023-10-29 13:00,34511.52,989468.25781,90556134.95,0.27,1859468554.47,5.12,90655081.78,0.27,89052143.20,0.26
306,多頭進場,Long,2023-10-29 13:00,34420.00,989468.25781,90556134.95,0.27,1859468554.47,5.12,90655081.78,0.27,89052143.20,0.26
305,空頭出場,Trailing Stop,2023-10-28 14:00,33930.18,624819.29413,57739550.97,0.27,1768912419.51,3.37,57839522.06,0.27,22749670.50,0.11
305,空頭進場,Short,2023-10-28 14:00,34022.59,624819.29413,57739550.97,0.27,1768912419.51,3.37,57839522.06,0.27,22749670.50,0.11
304,空頭出場,Trailing Stop,2023-10-24 16:30,33200.53,184402.20517,77404669.64,1.25,1711172868.54,4.74,77502402.81,1.25,40330606.29,0.65
304,空頭進場,Short,2023-10-24 16:30,33620.29,184402.20517,77404669.64,1.25,1711172868.54,4.74,77502402.81,1.25,40330606.29,0.65
303,多頭出場,Trailing Stop,2023-10-23 20:00,31379.62,247400.57056,52280688.57,0.68,1633768198.90,3.31,52374700.79,0.68,1219684.81,0.02
303,多頭進場,Long,2023-10-23 20:00,31168.30,247400.57056,52280688.57,0.68,1633768198.90,3.31,52374700.79,0.68,1219684.81,0.02
302,多頭出場,Trailing Stop,2023-10-23 17:45,31288.73,320678.02788,86073189.46,0.87,1581487510.33,5.76,86159772.53,0.87,15947318.33,0.16
302,多頭進場,Long,2023-10-23 17:45,31020.32,320678.02788,86073189.46,0.87,1581487510.33,5.76,86159772.53,0.87,15947318.33,0.16
301,多頭出場,Trailing Stop,2023-10-23 02:30,30637.58,430176.6227,96054138.08,0.73,1495414320.86,6.86,96135871.64,0.73,63317697.10,0.48
301,多頭進場,Long,2023-10-23 02:30,30414.29,430176.6227,96054138.08,0.73,1495414320.86,6.86,96135871.64,0.73,63317697.10,0.48
300,多頭出場,Trailing Stop,2023-10-21 18:45,30179.85,515123.04412,54190944.24,0.35,1399360182.78,4.03,54268212.70,0.35,12579304.74,0.08
300,多頭進場,Long,2023-10-21 18:45,30074.65,515123.04412,54190944.24,0.35,1399360182.78,4.03,54268212.70,0.35,12579304.74,0.08
299,多頭出場,Trailing Stop,2023-10-20 06:45,29224.78,356706.7906,7990232.11,0.08,1345169238.54,0.6,8068707.60,0.08,4854779.42,0.05
299,多頭進場,Long,2023-10-20 06:45,29202.38,356706.7906,7990232.11,0.08,1345169238.54,0.6,8068707.60,0.08,4854779.42,0.05
298,多頭出場,Trailing Stop,2023-10-20 03:45,29122.86,515643.03016,109006936.58,0.73,1337179006.43,8.87,109079126.60,0.73,0,0
298,多頭進場,Long,2023-10-20 03:45,28911.46,515643.03016,109006936.58,0.73,1337179006.43,8.87,109079126.60,0.73,0,0
297,多頭出場,Trailing Stop,2023-10-16 02:15,27249.87,594085.0184,30613201.00,0.19,1228172069.85,2.56,30684491.20,0.19,5940.85,0
297,多頭進場,Long,2023-10-16 02:15,27198.34,594085.0184,30613201.00,0.19,1228172069.85,2.56,30684491.20,0.19,5940.85,0
296,空頭出場,Trailing Stop,2023-10-15 15:00,26857.20,1382285.8121,5418560.38,0.01,1197558868.86,0.45,5487674.67,0.01,0,0
296,空頭進場,Short,2023-10-15 15:00,26861.12,1382285.8121,5418560.38,0.01,1197558868.86,0.45,5487674.67,0.01,0,0
295,空頭出場,Trailing Stop,2023-10-14 08:00,26841.82,1066285.56452,12784763.92,0.04,1192140308.47,1.08,12848741.05,0.04,24652522.25,0.09
295,空頭進場,Short,2023-10-14 07:30,26853.81,1066285.56452,12784763.92,0.04,1192140308.47,1.08,12848741.05,0.04,24652522.25,0.09
294,空頭出場,Trailing Stop,2023-10-14 00:00,26764.82,394807.77947,25694090.29,0.24,1179355544.55,2.23,25761207.61,0.24,9909675.26,0.09
294,空頭進場,Short,2023-10-14 00:00,26829.90,394807.77947,25694090.29,0.24,1179355544.55,2.23,25761207.61,0.24,9909675.26,0.09
293,空頭出場,Trailing Stop,2023-10-13 10:00,26781.02,972136.86587,14572331.62,0.06,1153661454.27,1.28,14640381.20,0.06,12987748.53,0.05
293,空頭進場,Short,2023-10-13 10:00,26796.01,972136.86587,14572331.62,0.06,1153661454.27,1.28,14640381.20,0.06,12987748.53,0.05
292,空頭出場,Trailing Stop,2023-10-08 23:15,27810.09,695142.5693,9148076.21,0.05,1139089122.65,0.81,9210639.04,0.05,0,0
292,空頭進場,Short,2023-10-08 23:15,27823.25,695142.5693,9148076.21,0.05,1139089122.65,0.81,9210639.04,0.05,0,0
291,空頭出場,Trailing Stop,2023-10-08 05:15,27962.07,850151.32986,5202926.14,0.02,1129941046.43,0.46,5262436.73,0.02,0,0
291,空頭進場,Short,2023-10-08 05:15,27968.19,850151.32986,5202926.14,0.02,1129941046.43,0.46,5262436.73,0.02,0,0
290,多頭出場,Trailing Stop,2023-10-06 16:45,28044.63,279231.8657,25027552.12,0.32,1124738120.30,2.28,25091775.45,0.32,17002428.30,0.22
290,多頭進場,Long,2023-10-06 16:45,27955.00,279231.8657,25027552.12,0.32,1124738120.30,2.28,25091775.45,0.32,17002428.30,0.22
289,空頭出場,Trailing Stop,2023-10-06 13:45,27207.75,444513.98583,143404656.97,1.17,1099710568.17,14.99,143457998.65,1.17,3840600.84,0.03
289,空頭進場,Short,2023-10-06 13:45,27530.36,444513.98583,143404656.97,1.17,1099710568.17,14.99,143457998.65,1.17,3840600.84,0.03
288,空頭出場,Trailing Stop,2023-10-05 16:30,27403.79,265567.40267,70601094.00,0.96,956305911.20,7.97,70654207.48,0.96,0,0
288,空頭進場,Short,2023-10-05 16:30,27669.64,265567.40267,70601094.00,0.96,956305911.20,7.97,70654207.48,0.96,0,0
287,多頭出場,Trailing Stop,2023-10-05 15:00,28018.81,369026.79867,9613148.11,0.09,885704817.21,1.1,9664811.86,0.09,0,0
287,多頭進場,Long,2023-10-05 15:00,27992.76,369026.79867,9613148.11,0.09,885704817.21,1.1,9664811.86,0.09,0,0
286,多頭出場,Trailing Stop,2023-10-05 14:15,28060.91,493946.52822,103486737.13,0.75,876091669.10,13.39,103531192.31,0.75,691525.14,0.01
286,多頭進場,Long,2023-10-05 14:15,27851.40,493946.52822,103486737.13,0.75,876091669.10,13.39,103531192.31,0.75,691525.14,0.01
285,空頭出場,Trailing Stop,2023-10-04 15:00,27368.12,388299.55594,20141097.97,0.19,772604931.97,2.68,20183810.92,0.19,16343528.31,0.15
285,空頭進場,Short,2023-10-04 15:00,27419.99,388299.55594,20141097.97,0.19,772604931.97,2.68,20183810.92,0.19,16343528.31,0.15
284,空頭出場,Trailing Stop,2023-10-02 17:00,27853.73,174147.17287,30052577.62,0.62,752463834.01,4.16,30094372.94,0.62,7131326.73,0.15
284,空頭進場,Short,2023-10-02 17:00,28026.30,174147.17287,30052577.62,0.62,752463834.01,4.16,30094372.94,0.62,7131326.73,0.15
283,多頭出場,Close entry(s) order Long,2023-10-02 15:00,28544.00,243624.12294,28635579.41,0.41,722411256.38,4.13,28635579.41,0.41,24815553.16,0.36
283,多頭進場,Long,2023-10-02 14:45,28426.46,243624.12294,28635579.41,0.41,722411256.38,4.13,28635579.41,0.41,24815553.16,0.36
282,多頭出場,Trailing Stop,2023-10-01 23:30,28065.33,212391.83669,41042598.52,0.69,693775676.97,6.29,41080829.05,0.69,11964032.16,0.2
282,多頭進場,Long,2023-10-01 23:30,27872.09,212391.83669,41042598.52,0.69,693775676.97,6.29,41080829.05,0.69,11964032.16,0.2
281,空頭出場,Trailing Stop,2023-10-01 15:45,27093.96,448159.6108,8295434.40,0.07,652733078.45,1.29,8331287.16,0.07,0,0
281,空頭進場,Short,2023-10-01 15:45,27112.47,448159.6108,8295434.40,0.07,652733078.45,1.29,8331287.16,0.07,0,0
280,空頭出場,Trailing Stop,2023-09-29 16:00,26847.27,183780.67172,11183053.87,0.23,644437644.06,1.77,11219810.01,0.23,4739703.52,0.1
280,空頭進場,Short,2023-09-29 16:00,26908.12,183780.67172,11183053.87,0.23,644437644.06,1.77,11219810.01,0.23,4739703.52,0.1
279,多頭出場,Trailing Stop,2023-09-28 15:45,26913.32,238690.06077,28871949.75,0.45,633254590.18,4.78,28907753.26,0.45,5652180.64,0.09
279,多頭進場,Long,2023-09-28 15:45,26792.36,238690.06077,28871949.75,0.45,633254590.18,4.78,28907753.26,0.45,5652180.64,0.09
278,空頭出場,Trailing Stop,2023-09-27 15:30,26169.57,178865.05897,30303318.29,0.64,604382640.43,5.28,30337302.65,0.64,0,0
278,空頭進場,Short,2023-09-27 15:30,26338.99,178865.05897,30303318.29,0.64,604382640.43,5.28,30337302.65,0.64,0,0
277,多頭出場,Trailing Stop,2023-09-27 11:00,26442.62,569565.387,25533616.30,0.17,574079322.14,4.65,25562094.57,0.17,17781831.38,0.12
277,多頭進場,Long,2023-09-27 11:00,26397.79,569565.387,25533616.30,0.17,574079322.14,4.65,25562094.57,0.17,17781831.38,0.12
276,多頭出場,Trailing Stop,2023-09-19 17:00,27468.73,125265.12968,5823575.88,0.17,548545705.84,1.07,5856144.81,0.17,0,0
276,多頭進場,Long,2023-09-19 17:00,27422.24,125265.12968,5823575.88,0.17,548545705.84,1.07,5856144.81,0.17,0,0
275,空頭出場,Trailing Stop,2023-09-19 15:00,26881.57,155760.47364,13583870.91,0.32,542722129.96,2.57,13615023.00,0.32,0,0
275,空頭進場,Short,2023-09-19 15:00,26968.78,155760.47364,13583870.91,0.32,542722129.96,2.57,13615023.00,0.32,0,0
274,多頭出場,Trailing Stop,2023-09-19 10:30,27465.88,225950.61035,44236610.49,0.72,529138259.06,9.12,44263724.57,0.72,2259.51,0
274,多頭進場,Long,2023-09-19 10:30,27270.10,225950.61035,44236610.49,0.72,529138259.06,9.12,44263724.57,0.72,2259.51,0
273,空頭出場,Trailing Stop,2023-09-18 18:30,26670.12,145456.82354,34161989.58,0.87,484901648.56,7.58,34188171.80,0.87,6314280.71,0.16
273,空頭進場,Short,2023-09-18 18:30,26904.98,145456.82354,34161989.58,0.87,484901648.56,7.58,34188171.80,0.87,6314280.71,0.16
272,多頭出場,Trailing Stop,2023-09-18 08:30,26799.90,258945.09347,15083551.69,0.22,450739658.98,3.46,15109446.20,0.22,0,0
272,多頭進場,Long,2023-09-18 08:30,26741.65,258945.09347,15083551.69,0.22,450739658.98,3.46,15109446.20,0.22,0,0
271,多頭出場,Trailing Stop,2023-09-18 04:00,26668.09,204934.14654,1018522.71,0.02,435656107.29,0.23,1043114.81,0.02,0,0
271,多頭進場,Long,2023-09-18 04:00,26663.12,204934.14654,1018522.71,0.02,435656107.29,0.23,1043114.81,0.02,0,0
270,多頭出場,Trailing Stop,2023-09-18 03:30,26749.90,232781.23345,22637974.95,0.36,434637584.58,5.49,22661253.08,0.37,15221564.86,0.25
270,多頭進場,Long,2023-09-18 03:30,26652.65,232781.23345,22637974.95,0.36,434637584.58,5.49,22661253.08,0.37,15221564.86,0.25
269,多頭出場,Trailing Stop,2023-09-15 23:45,26847.61,197350.06084,26677781.22,0.51,411999609.63,6.92,26699489.73,0.51,5438967.68,0.1
269,多頭進場,Long,2023-09-15 23:45,26712.43,197350.06084,26677781.22,0.51,411999609.63,6.92,26699489.73,0.51,5438967.68,0.1
268,多頭出場,Trailing Stop,2023-09-14 13:00,26507.43,253302.86186,15522399.37,0.23,385321828.40,4.2,15542663.60,0.23,4934339.75,0.07
268,多頭進場,Long,2023-09-14 13:00,26446.15,253302.86186,15522399.37,0.23,385321828.40,4.2,15542663.60,0.23,4934339.75,0.07
267,多頭出場,Trailing Stop,2023-09-14 02:00,26541.64,165127.7608,3243109.22,0.07,369799429.03,0.88,3264575.83,0.07,0,0
267,多頭進場,Long,2023-09-14 02:00,26522.00,165127.7608,3243109.22,0.07,369799429.03,0.88,3264575.83,0.07,0,0
266,多頭出場,Trailing Stop,2023-09-12 04:30,25911.88,113622.67649,4856233.19,0.17,366556319.81,1.34,4877821.50,0.17,0,0
266,多頭進場,Long,2023-09-12 04:30,25869.14,113622.67649,4856233.19,0.17,366556319.81,1.34,4877821.50,0.17,0,0
265,空頭出場,Trailing Stop,2023-09-11 10:30,25663.89,251900.47512,2254509.25,0.03,361700086.61,0.63,2274661.29,0.04,0,0
265,空頭進場,Short,2023-09-11 10:30,25672.84,251900.47512,2254509.25,0.03,361700086.61,0.63,2274661.29,0.04,0,0
264,空頭出場,Trailing Stop,2023-09-11 01:45,25652.89,181273.39512,9558546.12,0.21,359445577.36,2.73,9578486.20,0.21,5131849.82,0.11
264,空頭進場,Short,2023-09-11 01:45,25705.62,181273.39512,9558546.12,0.21,359445577.36,2.73,9578486.20,0.21,5131849.82,0.11
263,空頭出場,Trailing Stop,2023-09-10 18:15,25693.27,263791.61648,7452113.17,0.11,349887031.24,2.18,7470578.58,0.11,2139350.01,0.03
263,空頭進場,Short,2023-09-10 18:15,25721.52,263791.61648,7452113.17,0.11,349887031.24,2.18,7470578.58,0.11,2139350.01,0.03
262,空頭出場,Trailing Stop,2023-09-05 18:00,25715.64,145500.13133,5524639.99,0.15,342434918.07,1.64,5543555.00,0.15,1455.00,0
262,空頭進場,Short,2023-09-05 18:00,25753.61,145500.13133,5524639.99,0.15,342434918.07,1.64,5543555.00,0.15,1455.00,0
261,空頭出場,Trailing Stop,2023-09-05 16:30,25671.54,149232.04706,3436814.04,0.09,336910278.09,1.03,3456214.21,0.09,0,0
261,空頭進場,Short,2023-09-05 16:30,25694.57,149232.04706,3436814.04,0.09,336910278.09,1.03,3456214.21,0.09,0,0
260,空頭出場,Trailing Stop,2023-09-03 14:00,25807.40,227745.05904,20194154.39,0.34,333473464.04,6.44,20212373.99,0.34,1796908.52,0.03
260,空頭進場,Short,2023-09-03 14:00,25896.07,227745.05904,20194154.39,0.34,333473464.04,6.44,20212373.99,0.34,1796908.52,0.03
259,多頭出場,Trailing Stop,2023-09-03 13:45,26054.78,294655.82938,8188485.50,0.11,313279309.66,2.68,8206164.85,0.11,0,0
259,多頭進場,Long,2023-09-03 13:45,26026.99,294655.82938,8188485.50,0.11,313279309.66,2.68,8206164.85,0.11,0,0
258,多頭出場,Trailing Stop,2023-08-29 15:15,27199.91,118454.61292,119629682.68,3.86,305090824.16,64.47,119640343.60,3.86,965405.10,0.03
258,多頭進場,Long,2023-08-29 15:15,26189.99,118454.61292,119629682.68,3.86,305090824.16,64.47,119640343.60,3.86,965405.10,0.03
257,空頭出場,Trailing Stop,2023-08-28 20:30,25967.31,104300.77038,830234.13,0.03,185461141.48,0.45,840664.21,0.03,0,0
257,空頭進場,Short,2023-08-28 20:30,25975.27,104300.77038,830234.13,0.03,185461141.48,0.45,840664.21,0.03,0,0
256,多頭出場,Trailing Stop,2023-08-28 13:30,26217.56,111342.76662,5581612.89,0.19,184630907.35,3.12,5591633.74,0.19,0,0
256,多頭進場,Long,2023-08-28 13:30,26167.43,111342.76662,5581612.89,0.19,184630907.35,3.12,5591633.74,0.19,0,0
255,空頭出場,Trailing Stop,2023-08-27 19:00,26037.32,197866.76454,5492781.38,0.11,179049294.45,3.16,5502674.72,0.11,4202690.08,0.08
255,空頭進場,Short,2023-08-27 19:00,26065.08,197866.76454,5492781.38,0.11,179049294.45,3.16,5502674.72,0.11,4202690.08,0.08
254,多頭出場,Trailing Stop,2023-08-27 15:15,26172.18,323175.24806,12868838.38,0.15,173556513.07,8,12875301.88,0.15,6844851.75,0.08
254,多頭進場,Long,2023-08-27 15:15,26132.36,323175.24806,12868838.38,0.15,173556513.07,8,12875301.88,0.15,6844851.75,0.08
253,多頭出場,Trailing Stop,2023-08-23 21:30,26659.79,44043.2977,100859.15,0.01,160687674.69,0.06,110108.24,0.01,0,0
253,多頭進場,Long,2023-08-23 21:30,26657.50,44043.2977,100859.15,0.01,160687674.69,0.06,110108.24,0.01,0,0
252,多頭出場,Trailing Stop,2023-08-21 22:45,26212.98,80242.43377,1042349.21,0.05,160586815.54,0.65,1051175.88,0.05,0,0
252,多頭進場,Long,2023-08-21 22:45,26199.99,80242.43377,1042349.21,0.05,160586815.54,0.65,1051175.88,0.05,0,0
251,空頭出場,Trailing Stop,2023-08-21 06:45,26096.55,112537.56876,2189981.09,0.07,159544466.33,1.39,2198984.09,0.07,0,0
251,空頭進場,Short,2023-08-21 06:45,26116.01,112537.56876,2189981.09,0.07,159544466.33,1.39,2198984.09,0.07,0,0
250,多頭出場,Trailing Stop,2023-08-20 21:45,26298.92,106087.76484,3658967.01,0.13,157354485.24,2.38,3667454.03,0.13,0,0
250,多頭進場,Long,2023-08-20 21:45,26264.43,106087.76484,3658967.01,0.13,157354485.24,2.38,3667454.03,0.13,0,0
249,空頭出場,Trailing Stop,2023-08-18 00:30,26459.42,12036.98507,2149564.79,0.67,153695518.23,1.42,2158592.53,0.67,1059254.69,0.33
249,空頭進場,Short,2023-08-18 00:30,26638.00,12036.98507,2149564.79,0.67,153695518.23,1.42,2158592.53,0.67,1059254.69,0.33
248,空頭出場,Trailing Stop,2023-08-14 19:15,29290.13,66960.18413,2411236.23,0.12,151545953.44,1.62,2419941.05,0.12,0,0
248,空頭進場,Short,2023-08-14 19:15,29326.14,66960.18413,2411236.23,0.12,151545953.44,1.62,2419941.05,0.12,0,0
247,多頭出場,Trailing Stop,2023-08-14 16:30,29665.91,89917.76932,2330668.58,0.09,149134717.21,1.59,2338761.18,0.09,0,0
247,多頭進場,Long,2023-08-14 16:30,29639.99,89917.76932,2330668.58,0.09,149134717.21,1.59,2338761.18,0.09,0,0
246,多頭出場,Trailing Stop,2023-08-14 04:30,29429.85,79941.59696,2466198.27,0.1,146804048.62,1.71,2474192.43,0.11,2423029.80,0.1
246,多頭進場,Long,2023-08-14 04:30,29399.00,79941.59696,2466198.27,0.1,146804048.62,1.71,2474192.43,0.11,2423029.80,0.1
245,空頭出場,Close entry(s) order Short,2023-08-13 23:00,29367.20,297635.1072,1553655.26,0.02,144337850.36,1.09,1553655.26,0.02,616104.67,0.01
245,空頭進場,Short,2023-08-13 22:45,29372.42,297635.1072,1553655.26,0.02,144337850.36,1.09,1553655.26,0.02,616104.67,0.01
244,空頭出場,Trailing Stop,2023-08-09 03:45,29650.52,59016.39607,2469836.18,0.14,142784195.10,1.76,2478098.47,0.14,785508.23,0.04
244,空頭進場,Short,2023-08-09 03:45,29692.37,59016.39607,2469836.18,0.14,142784195.10,1.76,2478098.47,0.14,785508.23,0.04
243,多頭出場,Trailing Stop,2023-08-07 19:15,29181.84,48801.65514,2820247.65,0.2,140314358.92,2.05,2828055.92,0.2,294762.00,0.02
243,多頭進場,Long,2023-08-07 19:15,29124.05,48801.65514,2820247.65,0.2,140314358.92,2.05,2828055.92,0.2,294762.00,0.02
242,多頭出場,Trailing Stop,2023-08-07 02:30,29204.93,107883.97804,3061747.30,0.1,137494111.27,2.28,3069299.18,0.1,0,0
242,多頭進場,Long,2023-08-07 02:30,29176.55,107883.97804,3061747.30,0.1,137494111.27,2.28,3069299.18,0.1,0,0
241,多頭出場,Trailing Stop,2023-08-06 22:00,29199.96,180839.7045,11606292.23,0.22,134432363.98,9.44,11613525.82,0.22,1808.40,0
241,多頭進場,Long,2023-08-06 22:00,29135.78,180839.7045,11606292.23,0.22,134432363.98,9.44,11613525.82,0.22,1808.40,0
240,多頭出場,Trailing Stop,2023-08-02 00:15,29469.87,54358.61818,4987946.80,0.31,122826071.74,4.23,4995013.42,0.31,2651613.39,0.17
240,多頭進場,Long,2023-08-02 00:15,29378.11,54358.61818,4987946.80,0.31,122826071.74,4.23,4995013.42,0.31,2651613.39,0.17
239,多頭出場,Trailing Stop,2023-08-01 20:00,29334.85,45941.77509,2887899.98,0.21,117838124.94,2.51,2894791.25,0.22,1864776.65,0.14
239,多頭進場,Long,2023-08-01 20:00,29271.99,45941.77509,2887899.98,0.21,117838124.94,2.51,2894791.25,0.22,1864776.65,0.14
238,多頭出場,Trailing Stop,2023-07-31 01:45,29529.89,60106.94776,2449959.19,0.14,114950224.95,2.18,2456570.95,0.14,0,0
238,多頭進場,Long,2023-07-31 01:45,29489.13,60106.94776,2449959.19,0.14,114950224.95,2.18,2456570.95,0.14,0,0
237,空頭出場,Trailing Stop,2023-07-30 21:00,29033.31,77640.46443,13118909.27,0.58,112500265.76,13.19,13124344.11,0.58,0,0
237,空頭進場,Short,2023-07-30 21:00,29202.28,77640.46443,13118909.27,0.58,112500265.76,13.19,13124344.11,0.58,0,0
236,多頭出場,Trailing Stop,2023-07-30 16:00,29448.96,121202.96785,6925537.58,0.19,99381356.49,7.48,6930385.70,0.19,1212.03,0
236,多頭進場,Long,2023-07-30 16:00,29391.82,121202.96785,6925537.58,0.19,99381356.49,7.48,6930385.70,0.19,1212.03,0
235,空頭出場,Trailing Stop,2023-07-28 18:45,29194.16,47403.29753,598703.65,0.04,92455818.91,0.65,603918.01,0.04,0,0
235,空頭進場,Short,2023-07-28 18:45,29206.79,47403.29753,598703.65,0.04,92455818.91,0.65,603918.01,0.04,0,0
234,空頭出場,Trailing Stop,2023-07-26 20:15,29226.16,33238.31588,1290643.81,0.13,91857115.26,1.42,1295961.94,0.13,0,0
234,空頭進場,Short,2023-07-26 20:15,29264.99,33238.31588,1290643.81,0.13,91857115.26,1.42,1295961.94,0.13,0,0
233,空頭出場,Trailing Stop,2023-07-26 07:45,29187.72,62340.33177,1362136.25,0.07,90566471.45,1.53,1367123.48,0.08,1117762.15,0.06
233,空頭進場,Short,2023-07-26 07:45,29209.57,62340.33177,1362136.25,0.07,90566471.45,1.53,1367123.48,0.08,1117762.15,0.06
232,多頭出場,Trailing Stop,2023-07-23 06:30,29979.48,75536.49452,1064309.21,0.05,89204335.20,1.21,1069596.76,0.05,0,0
232,多頭進場,Long,2023-07-23 06:30,29965.39,75536.49452,1064309.21,0.05,89204335.20,1.21,1069596.76,0.05,0,0
231,空頭出場,Trailing Stop,2023-07-22 06:15,29868.06,82871.15905,400267.70,0.02,88140026.00,0.46,405239.97,0.02,0,0
231,空頭進場,Short,2023-07-22 06:15,29872.89,82871.15905,400267.70,0.02,88140026.00,0.46,405239.97,0.02,0,0
230,空頭出場,Trailing Stop,2023-07-20 15:45,29627.20,30605.77339,5372843.52,0.59,87739758.30,6.52,5377740.44,0.59,1854403.81,0.2
230,空頭進場,Short,2023-07-20 15:45,29802.75,30605.77339,5372843.52,0.59,87739758.30,6.52,5377740.44,0.59,1854403.81,0.2
229,多頭出場,Trailing Stop,2023-07-20 08:30,30220.05,39907.34257,437384.47,0.04,82366914.78,0.53,442173.36,0.04,0,0
229,多頭進場,Long,2023-07-20 08:30,30209.09,39907.34257,437384.47,0.04,82366914.78,0.53,442173.36,0.04,0,0
228,多頭出場,Trailing Stop,2023-07-20 06:45,30169.90,47740.43662,1189214.28,0.08,81929530.30,1.47,1193988.32,0.08,0,0
228,多頭進場,Long,2023-07-20 06:45,30144.99,47740.43662,1189214.28,0.08,81929530.30,1.47,1193988.32,0.08,0,0
227,空頭出場,Trailing Stop,2023-07-17 18:45,30003.16,28216.80569,2014397.76,0.24,80740316.03,2.56,2018912.45,0.24,633467.29,0.07
227,空頭進場,Short,2023-07-17 18:45,30074.55,28216.80569,2014397.76,0.24,80740316.03,2.56,2018912.45,0.24,633467.29,0.07
226,空頭出場,Trailing Stop,2023-07-17 18:00,30030.46,32332.92333,2378086.51,0.24,78725918.27,3.11,2382289.79,0.24,1689071.91,0.17
226,空頭進場,Short,2023-07-17 17:45,30104.01,32332.92333,2378086.51,0.24,78725918.27,3.11,2382289.79,0.24,1689071.91,0.17
225,空頭出場,Trailing Stop,2023-07-17 13:15,30032.12,35829.65114,2143688.03,0.2,76347831.76,2.89,2147987.59,0.2,977074.59,0.09
225,空頭進場,Short,2023-07-17 13:15,30091.95,35829.65114,2143688.03,0.2,76347831.76,2.89,2147987.59,0.2,977074.59,0.09
224,空頭出場,Trailing Stop,2023-07-17 10:15,30220.59,68313.43917,571783.49,0.03,74204143.73,0.78,575882.29,0.03,0,0
224,空頭進場,Short,2023-07-17 10:15,30228.96,68313.43917,571783.49,0.03,74204143.73,0.78,575882.29,0.03,0,0
223,多頭出場,Trailing Stop,2023-07-13 18:45,31199.74,16483.00566,1136503.24,0.22,73632360.25,1.57,1140788.82,0.22,1057384.81,0.21
223,多頭進場,Long,2023-07-13 18:45,31130.79,16483.00566,1136503.24,0.22,73632360.25,1.57,1140788.82,0.22,1057384.81,0.21
222,多頭出場,Trailing Stop,2023-07-13 16:30,30999.84,24700.83893,4516301.39,0.59,72495857.01,6.63,4520253.52,0.59,1623833.15,0.21
222,多頭進場,Long,2023-07-13 16:30,30817.00,24700.83893,4516301.39,0.59,72495857.01,6.63,4520253.52,0.59,1623833.15,0.21
221,空頭出場,Trailing Stop,2023-07-12 16:45,30472.22,17643.19325,1161451.41,0.22,67979555.62,1.74,1165332.91,0.22,1040948.40,0.19
221,空頭進場,Short,2023-07-12 16:45,30538.05,17643.19325,1161451.41,0.22,67979555.62,1.74,1165332.91,0.22,1040948.40,0.19
220,空頭出場,Trailing Stop,2023-07-12 14:30,30461.77,20827.62758,4087213.64,0.64,66818104.20,6.51,4090962.61,0.64,1605185.26,0.25
220,空頭進場,Short,2023-07-12 14:30,30658.01,20827.62758,4087213.64,0.64,66818104.20,6.51,4090962.61,0.64,1605185.26,0.25
219,多頭出場,Trailing Stop,2023-07-12 13:30,30983.15,33229.81889,6152168.67,0.6,62730890.57,10.85,6155491.65,0.6,3559245.90,0.35
219,多頭進場,Long,2023-07-12 13:30,30798.01,33229.81889,6152168.67,0.6,62730890.57,10.85,6155491.65,0.6,3559245.90,0.35
218,空頭出場,Trailing Stop,2023-07-10 23:00,30190.24,13317.12573,1491251.74,0.37,56578721.90,2.7,1494447.85,0.37,640953.26,0.16
218,空頭進場,Short,2023-07-10 23:00,30302.22,13317.12573,1491251.74,0.37,56578721.90,2.7,1494447.85,0.37,640953.26,0.16
217,多頭出場,Trailing Stop,2023-07-09 02:15,30402.90,39794.02401,592930.96,0.05,55087470.16,1.09,596114.48,0.05,0,0
217,多頭進場,Long,2023-07-09 02:15,30388.00,39794.02401,592930.96,0.05,55087470.16,1.09,596114.48,0.05,0,0
216,空頭出場,Trailing Stop,2023-07-06 13:15,30655.29,11465.43066,1084171.12,0.31,54494539.20,2.03,1087381.44,0.31,137355.86,0.04
216,空頭進場,Short,2023-07-06 13:15,30749.85,11465.43066,1084171.12,0.31,54494539.20,2.03,1087381.44,0.31,137355.86,0.04
215,多頭出場,Trailing Stop,2023-07-06 08:45,30848.89,26745.481,439160.80,0.05,53410368.08,0.83,442102.80,0.05,0,0
215,多頭進場,Long,2023-07-06 08:45,30832.47,26745.481,439160.80,0.05,53410368.08,0.83,442102.80,0.05,0,0
214,多頭出場,Trailing Stop,2023-07-03 16:15,30940.97,25537.41289,913473.26,0.12,52971207.28,1.75,916537.75,0.12,0,0
214,多頭進場,Long,2023-07-03 16:15,30905.20,25537.41289,913473.26,0.12,52971207.28,1.75,916537.75,0.12,0,0
213,空頭出場,Trailing Stop,2023-07-03 12:45,30600.09,36409.39167,1586357.20,0.14,52057734.02,3.14,1589269.95,0.14,826129.10,0.07
213,空頭進場,Short,2023-07-03 12:45,30643.66,36409.39167,1586357.20,0.14,52057734.02,3.14,1589269.95,0.14,826129.10,0.07
212,多頭出場,Trailing Stop,2023-07-03 08:45,30734.83,29099.02615,211258.93,0.02,50471376.83,0.42,214168.83,0.02,0,0
212,多頭進場,Long,2023-07-03 08:45,30727.57,29099.02615,211258.93,0.02,50471376.83,0.42,214168.83,0.02,0,0
211,多頭出場,Trailing Stop,2023-07-03 00:00,30658.04,17408.12254,117678.91,0.02,50260117.90,0.23,120638.29,0.02,0,0
211,多頭進場,Long,2023-07-03 00:00,30651.28,17408.12254,117678.91,0.02,50260117.90,0.23,120638.29,0.02,0,0
210,空頭出場,Trailing Stop,2023-06-30 15:45,30000.46,6674.42376,525944.59,0.26,50142438.99,1.06,528881.34,0.26,0,0
210,空頭進場,Short,2023-06-30 15:45,30079.26,6674.42376,525944.59,0.26,50142438.99,1.06,528881.34,0.26,0,0
209,空頭出場,Trailing Stop,2023-06-30 14:45,29500.35,7354.02309,5980806.36,2.68,49616494.40,13.67,5983380.27,2.68,73.54,0
209,空頭進場,Short,2023-06-30 14:45,30313.62,7354.02309,5980806.36,2.68,49616494.40,13.67,5983380.27,2.68,73.54,0
208,多頭出場,Trailing Stop,2023-06-29 11:30,30725.86,17785.98168,1556984.84,0.29,43635688.04,3.69,1559474.87,0.29,335977.19,0.06
208,多頭進場,Long,2023-06-29 11:30,30638.32,17785.98168,1556984.84,0.29,43635688.04,3.69,1559474.87,0.29,335977.19,0.06
207,空頭出場,Trailing Stop,2023-06-27 16:45,30497.30,8979.73375,27388.19,0.01,42078703.20,0.06,29902.51,0.01,0,0
207,空頭進場,Short,2023-06-27 16:45,30500.35,8979.73375,27388.19,0.01,42078703.20,0.06,29902.51,0.01,0,0
206,多頭出場,Trailing Stop,2023-06-27 15:30,30898.76,10394.96675,527648.51,0.16,42051315.01,1.27,530143.30,0.17,0,0
206,多頭進場,Long,2023-06-27 15:30,30848.00,10394.96675,527648.51,0.16,42051315.01,1.27,530143.30,0.17,0,0
205,多頭出場,Trailing Stop,2023-06-27 11:15,30701.38,17435.23139,895822.19,0.17,41523666.50,2.2,898263.12,0.17,0,0
205,多頭進場,Long,2023-06-27 11:15,30650.00,17435.23139,895822.19,0.17,41523666.50,2.2,898263.12,0.17,0,0
204,空頭出場,Trailing Stop,2023-06-26 17:30,30200.64,10850.08509,1012963.94,0.31,40627844.31,2.55,1015133.96,0.31,1815978.74,0.55
204,空頭進場,Short,2023-06-26 15:45,30294.00,10850.08509,1012963.94,0.31,40627844.31,2.55,1015133.96,0.31,1815978.74,0.55
203,空頭出場,Trailing Stop,2023-06-26 08:45,30331.59,12291.94075,393219.18,0.11,39614880.37,1,395554.65,0.11,0,0
203,空頭進場,Short,2023-06-26 08:45,30363.58,12291.94075,393219.18,0.11,39614880.37,1,395554.65,0.11,0,0
202,多頭出場,Trailing Stop,2023-06-23 18:00,31195.48,4775.48768,470194.52,0.32,39221661.18,1.21,472486.75,0.32,370673.35,0.25
202,多頭進場,Long,2023-06-23 18:00,31097.02,4775.48768,470194.52,0.32,39221661.18,1.21,472486.75,0.32,370673.35,0.25
201,多頭出場,Trailing Stop,2023-06-23 16:45,31399.69,6606.05061,3624343.61,1.78,38751466.67,10.29,3626391.48,1.78,429657.53,0.21
201,多頭進場,Long,2023-06-23 16:45,30851.05,6606.05061,3624343.61,1.78,38751466.67,10.29,3626391.48,1.78,429657.53,0.21
200,多頭出場,Trailing Stop,2023-06-23 16:15,30949.79,8418.19088,4460546.80,1.74,35127123.06,14.5,4462314.62,1.74,244464.26,0.1
200,多頭進場,Long,2023-06-23 16:15,30419.92,8418.19088,4460546.80,1.74,35127123.06,14.5,4462314.62,1.74,244464.26,0.1
199,多頭出場,Trailing Stop,2023-06-21 15:30,29562.52,5931.59237,1474178.65,0.85,30666576.26,5.03,1475898.81,0.85,0,0
199,多頭進場,Long,2023-06-21 15:30,29313.99,5931.59237,1474178.65,0.85,30666576.26,5.03,1475898.81,0.85,0,0
198,多頭出場,Trailing Stop,2023-06-20 17:00,27103.60,10285.1723,325628.56,0.12,29192397.61,1.12,327274.18,0.12,0,0
198,多頭進場,Long,2023-06-20 17:00,27071.94,10285.1723,325628.56,0.12,29192397.61,1.12,327274.18,0.12,0,0
197,多頭出場,Trailing Stop,2023-06-20 01:30,26931.01,10091.7626,62064.34,0.02,28866769.05,0.21,63779.94,0.02,0,0
197,多頭進場,Long,2023-06-20 01:30,26924.86,10091.7626,62064.34,0.02,28866769.05,0.21,63779.94,0.02,0,0
196,空頭出場,Trailing Stop,2023-06-19 20:00,26370.22,7211.37859,906975.09,0.47,28804704.71,3.24,908633.70,0.48,0,0
196,空頭進場,Short,2023-06-19 20:00,26495.99,7211.37859,906975.09,0.47,28804704.71,3.24,908633.70,0.48,0,0
195,多頭出場,Trailing Stop,2023-06-19 18:45,26667.37,12268.52653,300578.90,0.09,27897729.63,1.09,302173.81,0.09,255798.78,0.08
195,多頭進場,Long,2023-06-19 18:45,26642.87,12268.52653,300578.90,0.09,27897729.63,1.09,302173.81,0.09,255798.78,0.08
194,多頭出場,Trailing Stop,2023-06-19 18:15,26624.87,13150.45148,180424.19,0.05,27597150.73,0.66,182002.25,0.05,0,0
194,多頭進場,Long,2023-06-19 18:15,26611.15,13150.45148,180424.19,0.05,27597150.73,0.66,182002.25,0.05,0,0
193,空頭出場,Trailing Stop,2023-06-18 21:15,26355.20,14835.96637,2385623.39,0.61,27416726.53,9.49,2387106.99,0.61,351464.04,0.09
193,空頭進場,Short,2023-06-18 21:15,26516.00,14835.96637,2385623.39,0.61,27416726.53,9.49,2387106.99,0.61,351464.04,0.09
192,多頭出場,Trailing Stop,2023-06-16 17:00,25887.86,7012.58754,335622.44,0.19,25031103.14,1.35,337095.08,0.19,0,0
192,多頭進場,Long,2023-06-16 17:00,25840.00,7012.58754,335622.44,0.19,25031103.14,1.35,337095.08,0.19,0,0
191,多頭出場,Trailing Stop,2023-06-16 16:30,25670.40,8300.26839,53121.72,0.02,24695480.70,0.21,54532.76,0.03,0,0
191,多頭進場,Long,2023-06-16 16:30,25664.00,8300.26839,53121.72,0.02,24695480.70,0.21,54532.76,0.03,0,0
190,空頭出場,Trailing Stop,2023-06-13 14:15,26022.54,7320.70989,155199.05,0.08,24642358.98,0.63,156663.19,0.08,0,0
190,空頭進場,Short,2023-06-13 14:15,26043.74,7320.70989,155199.05,0.08,24642358.98,0.63,156663.19,0.08,0,0
189,多頭出場,Trailing Stop,2023-06-13 13:00,26255.07,11924.23718,754327.24,0.24,24487159.93,3.17,755638.91,0.24,143329.33,0.05
189,多頭進場,Long,2023-06-13 13:00,26191.81,11924.23718,754327.24,0.24,24487159.93,3.17,755638.91,0.24,143329.33,0.05
188,空頭出場,Trailing Stop,2023-06-12 19:00,25775.16,8603.88172,252868.08,0.11,23732832.69,1.07,254244.70,0.11,166915.31,0.08
188,空頭進場,Short,2023-06-12 19:00,25804.55,8603.88172,252868.08,0.11,23732832.69,1.07,254244.70,0.11,166915.31,0.08
187,空頭出場,Trailing Stop,2023-06-12 03:30,25716.41,7175.82922,109503.15,0.06,23479964.60,0.47,110866.56,0.06,0,0
187,空頭進場,Short,2023-06-12 03:30,25731.67,7175.82922,109503.15,0.06,23479964.60,0.47,110866.56,0.06,0,0
186,空頭出場,Trailing Stop,2023-06-11 23:45,25770.16,8355.11171,178882.94,0.08,23370461.45,0.77,180219.76,0.08,0,0
186,空頭進場,Short,2023-06-11 23:45,25791.57,8355.11171,178882.94,0.08,23370461.45,0.77,180219.76,0.08,0,0
185,多頭出場,Trailing Stop,2023-06-11 21:15,26161.53,8336.53449,127215.52,0.06,23191578.51,0.55,128549.36,0.06,0,0
185,多頭進場,Long,2023-06-11 21:15,26146.27,8336.53449,127215.52,0.06,23191578.51,0.55,128549.36,0.06,0,0
184,空頭出場,Trailing Stop,2023-06-10 19:30,25590.26,4499.18698,128991.69,0.11,23064362.99,0.56,130341.45,0.11,0,0
184,空頭進場,Short,2023-06-10 19:30,25618.93,4499.18698,128991.69,0.11,23064362.99,0.56,130341.45,0.11,0,0
183,空頭出場,Trailing Stop,2023-06-09 17:00,26443.10,10759.17885,368609.47,0.13,22935371.30,1.63,369900.57,0.13,0,0
183,空頭進場,Short,2023-06-09 17:00,26477.36,10759.17885,368609.47,0.13,22935371.30,1.63,369900.57,0.13,0,0
182,多頭出場,Trailing Stop,2023-06-09 14:15,26783.24,13452.87217,1149009.81,0.32,22566761.83,5.34,1150220.57,0.32,236905.08,0.07
182,多頭進場,Long,2023-06-09 14:15,26697.83,13452.87217,1149009.81,0.32,22566761.83,5.34,1150220.57,0.32,236905.08,0.07
181,多頭出場,Trailing Stop,2023-06-06 18:30,26779.71,4276.47825,339081.96,0.3,21417752.02,1.6,340322.14,0.3,0,0
181,多頭進場,Long,2023-06-06 18:30,26700.42,4276.47825,339081.96,0.3,21417752.02,1.6,340322.14,0.3,0,0
180,空頭出場,Trailing Stop,2023-06-05 00:30,27116.56,9577.29571,225353.77,0.09,21078670.06,1.08,226598.82,0.09,0,0
180,空頭進場,Short,2023-06-05 00:30,27140.09,9577.29571,225353.77,0.09,21078670.06,1.08,226598.82,0.09,0,0
179,多頭出場,Trailing Stop,2023-06-03 17:00,27310.30,17164.7327,86338.61,0.02,20853316.29,0.41,87540.14,0.02,0,0
179,多頭進場,Long,2023-06-03 17:00,27305.27,17164.7327,86338.61,0.02,20853316.29,0.41,87540.14,0.02,0,0
178,多頭出場,Trailing Stop,2023-06-02 20:00,27208.05,9833.34231,151826.81,0.06,20766977.69,0.73,153006.81,0.06,0,0
178,多頭進場,Long,2023-06-02 20:00,27192.61,9833.34231,151826.81,0.06,20766977.69,0.73,153006.81,0.06,0,0
177,空頭出場,Trailing Stop,2023-06-02 15:00,26890.15,7860.97627,147000.26,0.07,20615150.88,0.71,148179.40,0.07,0,0
177,空頭進場,Short,2023-06-02 15:00,26908.85,7860.97627,147000.26,0.07,20615150.88,0.71,148179.40,0.07,0,0
176,多頭出場,Trailing Stop,2023-06-02 06:45,27195.59,8245.9372,273022.98,0.12,20468150.63,1.35,274177.41,0.12,153291.97,0.07
176,多頭進場,Long,2023-06-02 06:45,27162.48,8245.9372,273022.98,0.12,20468150.63,1.35,274177.41,0.12,153291.97,0.07
175,空頭出場,Trailing Stop,2023-05-31 03:15,27628.84,10514.39096,203663.75,0.07,20195127.65,1.01,204820.34,0.07,0,0
175,空頭進場,Short,2023-05-31 03:15,27648.21,10514.39096,203663.75,0.07,20195127.65,1.01,204820.34,0.07,0,0
174,多頭出場,Trailing Stop,2023-05-28 18:45,27405.15,10834.81614,502085.38,0.17,19991463.89,2.56,503168.86,0.17,420607.56,0.14
174,多頭進場,Long,2023-05-28 18:45,27358.81,10834.81614,502085.38,0.17,19991463.89,2.56,503168.86,0.17,420607.56,0.14
173,多頭出場,Trailing Stop,2023-05-28 17:15,27333.32,12797.11849,298428.80,0.09,19489378.51,1.55,299580.54,0.09,0,0
173,多頭進場,Long,2023-05-28 17:15,27310.00,12797.11849,298428.80,0.09,19489378.51,1.55,299580.54,0.09,0,0
172,多頭出場,Trailing Stop,2023-05-28 07:00,27207.83,10903.38926,469718.01,0.16,19190949.71,2.5,470808.35,0.16,0,0
172,多頭進場,Long,2023-05-28 07:00,27164.75,10903.38926,469718.01,0.16,19190949.71,2.5,470808.35,0.16,0,0
171,多頭出場,Trailing Stop,2023-05-28 01:45,27119.40,10459.70438,1282987.34,0.45,18721231.70,7.32,1284033.31,0.45,593483.63,0.21
171,多頭進場,Long,2023-05-28 01:45,26996.74,10459.70438,1282987.34,0.45,18721231.70,7.32,1284033.31,0.45,593483.63,0.21
170,多頭出場,Trailing Stop,2023-05-26 15:15,26835.91,8199.19442,1934271.96,0.89,17438244.36,12.4,1935173.87,0.89,81.99,0
170,多頭進場,Long,2023-05-26 15:15,26600.00,8199.19442,1934271.96,0.89,17438244.36,12.4,1935173.87,0.89,81.99,0
169,空頭出場,Trailing Stop,2023-05-26 13:45,26396.59,10589.64372,70738.82,0.03,15503972.41,0.46,71585.99,0.03,0,0
169,空頭進場,Short,2023-05-26 13:45,26403.27,10589.64372,70738.82,0.03,15503972.41,0.46,71585.99,0.03,0,0
168,多頭出場,Trailing Stop,2023-05-23 04:00,27216.01,6872.32409,602015.59,0.32,15433233.59,4.03,602908.99,0.32,90783.40,0.05
168,多頭進場,Long,2023-05-23 04:00,27128.41,6872.32409,602015.59,0.32,15433233.59,4.03,602908.99,0.32,90783.40,0.05
167,多頭出場,Trailing Stop,2023-05-23 02:45,27079.89,7567.69267,386103.68,0.19,14831218.00,2.65,386936.13,0.19,348265.22,0.17
167,多頭進場,Long,2023-05-23 02:45,27028.87,7567.69267,386103.68,0.19,14831218.00,2.65,386936.13,0.19,348265.22,0.17
166,多頭出場,Trailing Stop,2023-05-20 19:00,27149.93,11587.64279,121322.62,0.04,14445114.32,0.84,122133.76,0.04,0,0
166,多頭進場,Long,2023-05-20 19:00,27139.46,11587.64279,121322.62,0.04,14445114.32,0.84,122133.76,0.04,0,0
165,空頭出場,Trailing Stop,2023-05-18 15:45,27022.11,4910.76285,831883.23,0.62,14323791.70,6.12,832668.95,0.62,320476.38,0.24
165,空頭進場,Short,2023-05-18 15:45,27191.51,4910.76285,831883.23,0.62,14323791.70,6.12,832668.95,0.62,320476.38,0.24
164,多頭出場,Trailing Stop,2023-05-17 20:15,27424.67,3963.19537,488622.36,0.45,13491908.47,3.73,489375.36,0.45,0,0
164,多頭進場,Long,2023-05-17 20:15,27301.38,3963.19537,488622.36,0.45,13491908.47,3.73,489375.36,0.45,0,0
163,空頭出場,Trailing Stop,2023-05-16 10:45,27072.00,5939.52782,428774.51,0.27,13003286.11,3.38,429487.26,0.27,59.40,0
163,空頭進場,Short,2023-05-16 10:45,27144.19,5939.52782,428774.51,0.27,13003286.11,3.38,429487.26,0.27,59.40,0
162,多頭出場,Trailing Stop,2023-05-15 18:15,27663.41,4083.68389,214434.24,0.19,12574511.60,1.72,215169.30,0.19,0,0
162,多頭進場,Long,2023-05-15 18:15,27610.90,4083.68389,214434.24,0.19,12574511.60,1.72,215169.30,0.19,0,0
161,多頭出場,Trailing Stop,2023-05-15 02:45,27290.76,4153.3946,679287.69,0.6,12360077.36,5.77,679993.76,0.6,82694.09,0.07
161,多頭進場,Long,2023-05-15 02:45,27127.21,4153.3946,679287.69,0.6,12360077.36,5.77,679993.76,0.6,82694.09,0.07
160,多頭出場,Trailing Stop,2023-05-14 16:45,27136.20,5278.06454,220992.56,0.15,11680789.67,1.91,221678.71,0.16,158869.74,0.11
160,多頭進場,Long,2023-05-14 16:45,27094.33,5278.06454,220992.56,0.15,11680789.67,1.91,221678.71,0.16,158869.74,0.11
159,空頭出場,Trailing Stop,2023-05-13 20:00,26770.85,5703.70607,80707.44,0.05,11459797.11,0.7,81391.89,0.05,0,0
159,空頭進場,Short,2023-05-13 20:00,26785.00,5703.70607,80707.44,0.05,11459797.11,0.7,81391.89,0.05,0,0
158,空頭出場,Trailing Stop,2023-05-10 19:15,27355.47,1801.43018,8718.92,0.02,11379089.67,0.08,9403.47,0.02,0,0
158,空頭進場,Short,2023-05-10 19:15,27360.31,1801.43018,8718.92,0.02,11379089.67,0.08,9403.47,0.02,0,0
157,空頭出場,Trailing Stop,2023-05-10 18:30,27128.59,1875.56933,53528.75,0.11,11370370.75,0.47,54203.95,0.11,0,0
157,空頭進場,Short,2023-05-10 18:30,27157.13,1875.56933,53528.75,0.11,11370370.75,0.47,54203.95,0.11,0,0
156,多頭出場,Trailing Stop,2023-05-10 14:45,28186.79,3393.03446,112377.30,0.12,11316842.00,0.99,113021.98,0.12,0,0
156,多頭進場,Long,2023-05-10 14:45,28153.67,3393.03446,112377.30,0.12,11316842.00,0.99,113021.98,0.12,0,0
155,多頭出場,Trailing Stop,2023-05-10 13:45,28183.77,4187.45841,784604.08,0.67,11204464.70,7.46,785232.20,0.67,921.24,0
155,多頭進場,Long,2023-05-10 13:45,27996.40,4187.45841,784604.08,0.67,11204464.70,7.46,785232.20,0.67,921.24,0
154,多頭出場,Trailing Stop,2023-05-05 17:15,29676.72,2171.19054,211886.48,0.33,10419860.61,2.06,212494.42,0.33,110470.17,0.17
154,多頭進場,Long,2023-05-05 17:15,29579.13,2171.19054,211886.48,0.33,10419860.61,2.06,212494.42,0.33,110470.17,0.17
153,空頭出場,Trailing Stop,2023-05-05 13:45,28917.49,3181.48792,152138.75,0.17,10207974.13,1.5,152743.24,0.17,0,0
153,空頭進場,Short,2023-05-05 13:45,28965.31,3181.48792,152138.75,0.17,10207974.13,1.5,152743.24,0.17,0,0
152,多頭出場,Trailing Stop,2023-05-05 02:45,29344.75,3446.06237,90045.61,0.09,10055835.38,0.89,90631.44,0.09,0,0
152,多頭進場,Long,2023-05-05 02:45,29318.62,3446.06237,90045.61,0.09,10055835.38,0.89,90631.44,0.09,0,0
151,多頭出場,Trailing Stop,2023-05-03 22:30,29057.27,1652.01458,349797.57,0.73,9965789.77,3.6,350375.77,0.74,0,0
151,多頭進場,Long,2023-05-03 22:30,28845.53,1652.01458,349797.57,0.73,9965789.77,3.6,350375.77,0.74,0,0
150,空頭出場,Trailing Stop,2023-05-03 20:15,28280.18,1625.03006,35068.15,0.08,9615992.20,0.36,35636.91,0.08,0,0
150,空頭進場,Short,2023-05-03 20:15,28301.76,1625.03006,35068.15,0.08,9615992.20,0.36,35636.91,0.08,0,0
149,多頭出場,Trailing Stop,2023-05-03 18:45,28747.98,2361.53251,59463.39,0.09,9580924.05,0.62,60030.16,0.09,0,0
149,多頭進場,Long,2023-05-03 18:45,28722.80,2361.53251,59463.39,0.09,9580924.05,0.62,60030.16,0.09,0,0
148,多頭出場,Trailing Stop,2023-05-02 16:45,28719.70,1845.17471,94989.59,0.18,9521460.66,1,95543.15,0.18,0,0
148,多頭進場,Long,2023-05-02 16:45,28668.22,1845.17471,94989.59,0.18,9521460.66,1,95543.15,0.18,0,0
147,空頭出場,Trailing Stop,2023-04-30 20:15,29211.50,2433.45064,407943.67,0.57,9426471.07,4.47,408479.02,0.57,88893.95,0.12
147,空頭進場,Short,2023-04-30 20:15,29379.14,2433.45064,407943.67,0.57,9426471.07,4.47,408479.02,0.57,88893.95,0.12
146,多頭出場,Trailing Stop,2023-04-30 16:00,29648.91,4961.71093,1259778.41,0.86,9018527.40,16.03,1260224.96,0.86,49.62,0
146,多頭進場,Long,2023-04-30 16:00,29395.01,4961.71093,1259778.41,0.86,9018527.40,16.03,1260224.96,0.86,49.62,0
145,多頭出場,Trailing Stop,2023-04-27 19:45,29889.64,1284.5632,6499.89,0.02,7758749.00,0.08,6962.33,0.02,0,0
145,多頭進場,Long,2023-04-27 19:45,29884.58,1284.5632,6499.89,0.02,7758749.00,0.08,6962.33,0.02,0,0
144,多頭出場,Trailing Stop,2023-04-27 01:30,29454.25,780.15247,44117.62,0.19,7752249.11,0.57,44585.71,0.19,0,0
144,多頭進場,Long,2023-04-27 01:30,29397.70,780.15247,44117.62,0.19,7752249.11,0.57,44585.71,0.19,0,0
143,空頭出場,Trailing Stop,2023-04-26 22:15,28089.51,723.73386,95981.58,0.47,7708131.49,1.24,96437.54,0.47,54005.02,0.26
143,空頭進場,Short,2023-04-26 22:15,28222.13,723.73386,95981.58,0.47,7708131.49,1.24,96437.54,0.47,54005.02,0.26
142,空頭出場,Trailing Stop,2023-04-26 20:45,27694.47,1028.95971,594646.11,2.04,7612149.90,8.35,595067.98,2.05,33173.66,0.11
142,空頭進場,Short,2023-04-26 20:45,28272.38,1028.95971,594646.11,2.04,7612149.90,8.35,595067.98,2.05,33173.66,0.11
141,多頭出場,Trailing Stop,2023-04-25 21:15,27979.78,1804.06578,213781.79,0.43,7017503.79,3.1,214178.69,0.43,47410.85,0.09
141,多頭進場,Long,2023-04-25 21:15,27861.28,1804.06578,213781.79,0.43,7017503.79,3.1,214178.69,0.43,47410.85,0.09
140,空頭出場,Trailing Stop,2023-04-24 15:45,27291.64,1803.64518,69855.18,0.14,6803722.00,1.02,70251.98,0.14,0,0
140,空頭進場,Short,2023-04-24 15:45,27330.37,1803.64518,69855.18,0.14,6803722.00,1.02,70251.98,0.14,0,0
139,空頭出場,Trailing Stop,2023-04-24 08:00,27392.10,2500.84317,386605.35,0.56,6733866.82,6,386980.47,0.56,0,0
139,空頭進場,Short,2023-04-24 08:00,27546.69,2500.84317,386605.35,0.56,6733866.82,6,386980.47,0.56,0,0
138,多頭出場,Trailing Stop,2023-04-24 02:00,27957.82,1970.97348,296276.73,0.54,6347261.48,4.82,296631.51,0.54,295.65,0
138,多頭進場,Long,2023-04-24 02:00,27807.50,1970.97348,296276.73,0.54,6347261.48,4.82,296631.51,0.54,295.65,0
137,空頭出場,Trailing Stop,2023-04-23 01:45,27499.08,2193.36827,16406.39,0.03,6050984.74,0.27,16757.33,0.03,0,0
137,空頭進場,Short,2023-04-23 01:45,27506.56,2193.36827,16406.39,0.03,6050984.74,0.27,16757.33,0.03,0,0
136,空頭出場,Trailing Stop,2023-04-19 07:30,30080.14,2549.16369,76118.03,0.1,6034578.35,1.26,76474.91,0.1,65844.90,0.09
136,空頭進場,Short,2023-04-19 07:30,30110.00,2549.16369,76118.03,0.1,6034578.35,1.26,76474.91,0.1,65844.90,0.09
135,多頭出場,Trailing Stop,2023-04-18 12:45,30381.52,2103.71494,136888.73,0.21,5958460.32,2.31,137225.33,0.22,96392.22,0.15
135,多頭進場,Long,2023-04-18 12:45,30316.45,2103.71494,136888.73,0.21,5958460.32,2.31,137225.33,0.22,96392.22,0.15
134,空頭出場,Trailing Stop,2023-04-16 21:00,30192.12,2617.99755,306122.45,0.39,5821571.59,5.45,306436.61,0.39,72413.81,0.09
134,空頭進場,Short,2023-04-16 21:00,30309.05,2617.99755,306122.45,0.39,5821571.59,5.45,306436.61,0.39,72413.81,0.09
133,多頭出場,Trailing Stop,2023-04-16 20:00,30549.91,3752.55986,268232.98,0.23,5515449.14,5.02,268533.18,0.23,209768.10,0.18
133,多頭進場,Long,2023-04-16 20:00,30478.43,3752.55986,268232.98,0.23,5515449.14,5.02,268533.18,0.23,209768.10,0.18
132,空頭出場,Trailing Stop,2023-04-14 15:15,30543.90,1964.10712,144126.18,0.24,5247216.16,2.77,144420.80,0.24,137212.52,0.23
132,空頭進場,Short,2023-04-14 15:15,30617.28,1964.10712,144126.18,0.24,5247216.16,2.77,144420.80,0.24,137212.52,0.23
131,多頭出場,Trailing Stop,2023-04-14 01:45,30766.47,1802.58743,71598.77,0.13,5103089.98,1.4,71905.21,0.13,0,0
131,多頭進場,Long,2023-04-14 01:45,30726.75,1802.58743,71598.77,0.13,5103089.98,1.4,71905.21,0.13,0,0
130,多頭出場,Trailing Stop,2023-04-13 15:45,30529.85,1899.465,279373.31,0.48,5031491.20,5.76,279658.23,0.48,8623.57,0.01
130,多頭進場,Long,2023-04-13 15:45,30382.77,1899.465,279373.31,0.48,5031491.20,5.76,279658.23,0.48,8623.57,0.01
129,多頭出場,Trailing Stop,2023-04-11 20:30,30425.03,1584.10311,8538.32,0.02,4752117.89,0.18,8823.45,0.02,0,0
129,多頭進場,Long,2023-04-11 20:30,30419.64,1584.10311,8538.32,0.02,4752117.89,0.18,8823.45,0.02,0,0
128,多頭出場,Trailing Stop,2023-04-10 17:45,29149.85,1517.11616,896782.53,2.07,4743579.58,22.72,897010.10,2.07,0,0
128,多頭進場,Long,2023-04-10 17:45,28558.74,1517.11616,896782.53,2.07,4743579.58,22.72,897010.10,2.07,0,0
127,多頭出場,Trailing Stop,2023-04-10 16:45,28521.34,1775.7052,42226.27,0.08,3846797.04,1.08,42457.11,0.08,0,0
127,多頭進場,Long,2023-04-10 16:45,28497.56,1775.7052,42226.27,0.08,3846797.04,1.08,42457.11,0.08,0,0
126,多頭出場,Trailing Stop,2023-04-10 16:15,28499.90,2214.9224,120757.57,0.19,3804570.77,3.19,120979.06,0.19,0,0
126,多頭進場,Long,2023-04-10 16:15,28445.38,2214.9224,120757.57,0.19,3804570.77,3.19,120979.06,0.19,0,0
125,多頭出場,Trailing Stop,2023-04-10 01:15,28381.99,1485.54604,26026.77,0.06,3683813.20,0.69,26249.60,0.06,22045.50,0.05
125,多頭進場,Long,2023-04-10 01:15,28364.47,1485.54604,26026.77,0.06,3683813.20,0.69,26249.60,0.06,22045.50,0.05
124,多頭出場,Trailing Stop,2023-04-09 20:15,28249.92,2433.28035,401296.60,0.59,3657786.44,11.96,401491.26,0.59,24.33,0
124,多頭進場,Long,2023-04-09 20:15,28085.00,2433.28035,401296.60,0.59,3657786.44,11.96,401491.26,0.59,24.33,0
123,空頭出場,Trailing Stop,2023-04-09 07:15,27919.90,3214.973,107894.49,0.12,3256489.84,3.32,108087.39,0.12,1928.98,0
123,空頭進場,Short,2023-04-09 07:15,27953.46,3214.973,107894.49,0.12,3256489.84,3.32,108087.39,0.12,1928.98,0
122,多頭出場,Trailing Stop,2023-04-08 07:00,28152.49,2377.1365,27527.24,0.04,3148595.35,0.85,27717.41,0.04,0,0
122,多頭進場,Long,2023-04-08 07:00,28140.91,2377.1365,27527.24,0.04,3148595.35,0.85,27717.41,0.04,0,0
121,空頭出場,Trailing Stop,2023-04-05 14:45,28314.59,960.37506,67437.54,0.25,3121068.11,2.14,67620.01,0.25,22962.57,0.08
121,空頭進場,Short,2023-04-05 14:45,28384.81,960.37506,67437.54,0.25,3121068.11,2.14,67620.01,0.25,22962.57,0.08
120,多頭出場,Trailing Stop,2023-04-05 01:45,28732.83,999.5474,306091.40,1.08,3053630.57,10.75,306261.32,1.08,8206.28,0.03
120,多頭進場,Long,2023-04-05 01:45,28426.60,999.5474,306091.40,1.08,3053630.57,10.75,306261.32,1.08,8206.28,0.03
119,多頭出場,Trailing Stop,2023-04-04 12:15,28416.43,846.05049,70171.43,0.29,2747539.17,2.53,70332.18,0.29,0,0
119,多頭進場,Long,2023-04-04 12:15,28333.49,846.05049,70171.43,0.29,2747539.17,2.53,70332.18,0.29,0,0
118,多頭出場,Trailing Stop,2023-04-03 09:30,28449.80,782.55944,52861.89,0.24,2677367.74,1.94,53018.40,0.24,0,0
118,多頭進場,Long,2023-04-03 09:30,28382.25,782.55944,52861.89,0.24,2677367.74,1.94,53018.40,0.24,0,0
117,空頭出場,Trailing Stop,2023-03-30 16:45,28169.71,790.5883,74030.69,0.33,2624505.85,2.79,74196.71,0.33,181779.97,0.81
117,空頭進場,Short,2023-03-30 15:15,28263.35,790.5883,74030.69,0.33,2624505.85,2.79,74196.71,0.33,181779.97,0.81
116,空頭出場,Trailing Stop,2023-03-30 04:15,28326.74,394.75209,24545.68,0.22,2550475.16,0.93,24699.64,0.22,0,0
116,空頭進場,Short,2023-03-30 04:15,28388.92,394.75209,24545.68,0.22,2550475.16,0.93,24699.64,0.22,0,0
115,多頭出場,Trailing Stop,2023-03-30 03:30,29184.44,595.74246,217553.23,1.27,2525929.48,9.03,217696.21,1.27,9091.03,0.05
115,多頭進場,Long,2023-03-30 03:30,28819.26,595.74246,217553.23,1.27,2525929.48,9.03,217696.21,1.27,9091.03,0.05
114,多頭出場,Trailing Stop,2023-03-23 15:45,28668.90,379.63796,58912.22,0.54,2308376.25,2.51,59052.68,0.55,3.80,0
114,多頭進場,Long,2023-03-23 15:45,28513.72,379.63796,58912.22,0.54,2308376.25,2.51,59052.68,0.55,3.80,0
113,空頭出場,Trailing Stop,2023-03-22 19:00,27120.47,264.3974,239948.57,3.24,2249464.03,11.37,240072.84,3.24,0,0
113,空頭進場,Short,2023-03-22 19:00,28028.00,264.3974,239948.57,3.24,2249464.03,11.37,240072.84,3.24,0,0
112,多頭出場,Trailing Stop,2023-03-21 16:45,28438.24,388.29356,39982.59,0.36,2009515.46,1.93,40102.96,0.36,29222.97,0.27
112,多頭進場,Long,2023-03-21 16:45,28335.27,388.29356,39982.59,0.36,2009515.46,1.93,40102.96,0.36,29222.97,0.27
111,多頭出場,Trailing Stop,2023-03-20 07:45,28267.64,331.54812,39288.45,0.42,1969532.87,1.94,39407.81,0.42,19388.93,0.21
111,多頭進場,Long,2023-03-20 07:45,28149.14,331.54812,39288.45,0.42,1969532.87,1.94,39407.81,0.42,19388.93,0.21
110,多頭出場,Trailing Stop,2023-03-14 12:45,26024.58,264.69223,149871.39,2.22,1930244.42,7.97,149982.56,2.23,37853.64,0.56
110,多頭進場,Long,2023-03-14 12:45,25458.37,264.69223,149871.39,2.22,1930244.42,7.97,149982.56,2.23,37853.64,0.56
109,多頭出場,Trailing Stop,2023-03-13 14:00,22999.67,304.29566,158242.87,2.31,1780373.03,9.19,158343.29,2.31,24234.11,0.35
109,多頭進場,Long,2023-03-13 14:00,22479.64,304.29566,158242.87,2.31,1780373.03,9.19,158343.29,2.31,24234.11,0.35
108,多頭出場,Trailing Stop,2023-03-13 13:30,22499.59,325.6102,20311.56,0.28,1622130.16,1.19,20412.50,0.28,0,0
108,多頭進場,Long,2023-03-13 13:30,22437.21,325.6102,20311.56,0.28,1622130.16,1.19,20412.50,0.28,0,0
107,多頭出場,Trailing Stop,2023-03-12 20:45,21361.25,304.7815,46662.05,0.72,1601818.59,2.82,46759.58,0.72,35607.62,0.55
107,多頭進場,Long,2023-03-12 20:45,21208.15,304.7815,46662.05,0.72,1601818.59,2.82,46759.58,0.72,35607.62,0.55
106,多頭出場,Trailing Stop,2023-03-12 18:30,21331.55,427.01944,189417.28,2.12,1555156.54,12.92,189502.69,2.12,15774.10,0.18
106,多頭進場,Long,2023-03-12 18:30,20887.97,427.01944,189417.28,2.12,1555156.54,12.92,189502.69,2.12,15774.10,0.18
105,多頭出場,Trailing Stop,2023-03-12 17:45,20857.47,519.78224,98805.41,0.92,1365739.26,7.23,98883.37,0.92,4184.25,0.04
105,多頭進場,Long,2023-03-12 17:45,20667.38,519.78224,98805.41,0.92,1365739.26,7.23,98883.37,0.92,4184.25,0.04
104,空頭出場,Trailing Stop,2023-03-06 19:30,22366.24,775.02352,29551.65,0.17,1266933.86,2.21,29629.15,0.17,1340.79,0.01
104,空頭進場,Short,2023-03-06 19:30,22404.37,775.02352,29551.65,0.17,1266933.86,2.21,29629.15,0.17,1340.79,0.01
103,多頭出場,Trailing Stop,2023-03-06 16:00,22586.89,865.54651,28095.64,0.14,1237382.21,2.15,28173.54,0.14,0,0
103,多頭進場,Long,2023-03-06 16:00,22554.43,865.54651,28095.64,0.14,1237382.21,2.15,28173.54,0.14,0,0
102,空頭出場,Trailing Stop,2023-03-05 21:45,22355.61,840.62578,4951.29,0.03,1209286.57,0.38,5026.94,0.03,0,0
102,空頭進場,Short,2023-03-05 21:45,22361.50,840.62578,4951.29,0.03,1209286.57,0.38,5026.94,0.03,0,0
101,空頭出場,Trailing Stop,2023-03-05 02:45,22301.60,455.04213,14606.85,0.14,1204335.28,1.13,14684.21,0.14,0,0
101,空頭進場,Short,2023-03-05 02:45,22333.70,455.04213,14606.85,0.14,1204335.28,1.13,14684.21,0.14,0,0
100,多頭出場,Trailing Stop,2023-03-05 01:30,22645.04,595.89372,52724.68,0.39,1189728.43,4.26,52796.18,0.39,1179.87,0.01
100,多頭進場,Long,2023-03-05 01:30,22556.56,595.89372,52724.68,0.39,1189728.43,4.26,52796.18,0.39,1179.87,0.01
99,多頭出場,Trailing Stop,2023-03-01 05:00,23821.37,381.41048,10256.13,0.11,1137003.75,0.84,10328.60,0.11,0,0
99,多頭進場,Long,2023-03-01 05:00,23794.48,381.41048,10256.13,0.11,1137003.75,0.84,10328.60,0.11,0,0
98,空頭出場,Trailing Stop,2023-02-27 16:15,23242.36,287.76454,20842.79,0.31,1126747.63,1.73,20914.73,0.31,11884.68,0.18
98,空頭進場,Short,2023-02-27 16:15,23314.79,287.76454,20842.79,0.31,1126747.63,1.73,20914.73,0.31,11884.68,0.18
97,多頭出場,Trailing Stop,2023-02-27 13:45,23777.86,524.73672,19252.59,0.15,1105904.84,1.62,19320.81,0.16,0,0
97,多頭進場,Long,2023-02-27 13:45,23741.17,524.73672,19252.59,0.15,1105904.84,1.62,19320.81,0.16,0,0
96,多頭出場,Trailing Stop,2023-02-26 18:45,23539.81,508.1386,52231.57,0.44,1086652.25,4.6,52297.62,0.44,11189.21,0.09
96,多頭進場,Long,2023-02-26 18:45,23437.02,508.1386,52231.57,0.44,1086652.25,4.6,52297.62,0.44,11189.21,0.09
95,空頭出場,Trailing Stop,2023-02-23 14:45,23938.15,220.36619,1009.28,0.02,1034420.68,0.09,1075.39,0.02,0,0
95,空頭進場,Short,2023-02-23 14:45,23942.73,220.36619,1009.28,0.02,1034420.68,0.09,1075.39,0.02,0,0
94,空頭出場,Trailing Stop,2023-02-23 11:30,23660.19,333.84649,67860.98,0.85,1033411.41,6.37,67924.41,0.85,24881.58,0.31
94,空頭進場,Short,2023-02-23 11:30,23863.46,333.84649,67860.98,0.85,1033411.41,6.37,67924.41,0.85,24881.58,0.31
93,多頭出場,Trailing Stop,2023-02-23 02:45,24593.80,303.45294,16331.84,0.22,965550.43,1.56,16392.53,0.22,12132.05,0.16
93,多頭進場,Long,2023-02-23 02:45,24539.98,303.45294,16331.84,0.22,965550.43,1.56,16392.53,0.22,12132.05,0.16
92,空頭出場,Trailing Stop,2023-02-21 08:45,24627.63,299.76858,55601.08,0.75,949218.59,5.6,55658.03,0.75,464.64,0.01
92,空頭進場,Short,2023-02-21 08:45,24813.11,299.76858,55601.08,0.75,949218.59,5.6,55658.03,0.75,464.64,0.01
91,多頭出場,Trailing Stop,2023-02-20 15:00,25099.74,218.12062,28298.97,0.52,893617.52,2.93,28355.68,0.52,22684.54,0.42
91,多頭進場,Long,2023-02-20 15:00,24970.00,218.12062,28298.97,0.52,893617.52,2.93,28355.68,0.52,22684.54,0.42
90,多頭出場,Trailing Stop,2023-02-20 10:45,24959.76,234.96051,15436.91,0.26,865318.55,1.63,15493.30,0.26,7105.21,0.12
90,多頭進場,Long,2023-02-20 10:45,24894.06,234.96051,15436.91,0.26,865318.55,1.63,15493.30,0.26,7105.21,0.12
89,多頭出場,Trailing Stop,2023-02-20 10:00,24983.50,257.75549,26017.84,0.41,849881.64,2.82,26071.97,0.41,0,0
89,多頭進場,Long,2023-02-20 10:00,24882.56,257.75549,26017.84,0.41,849881.64,2.82,26071.97,0.41,0,0
88,多頭出場,Trailing Stop,2023-02-19 16:15,25191.82,298.00194,10745.95,0.14,823863.80,1.18,10799.59,0.14,0,0
88,多頭進場,Long,2023-02-19 16:15,25155.76,298.00194,10745.95,0.14,823863.80,1.18,10799.59,0.14,0,0
87,多頭出場,Trailing Stop,2023-02-17 20:15,25020.76,151.44477,9959.01,0.26,813117.85,1.1,10012.01,0.26,0,0
87,多頭進場,Long,2023-02-17 20:15,24955.00,151.44477,9959.01,0.26,813117.85,1.1,10012.01,0.26,0,0
86,空頭出場,Trailing Stop,2023-02-16 20:30,24457.13,185.78994,2786.85,0.06,803158.85,0.31,2840.73,0.06,0,0
86,空頭進場,Short,2023-02-16 20:30,24472.13,185.78994,2786.85,0.06,803158.85,0.31,2840.73,0.06,0,0
85,多頭出場,Trailing Stop,2023-02-16 15:45,25090.78,217.05558,69499.03,1.29,800372.00,8.36,69546.78,1.29,909.46,0.02
85,多頭進場,Long,2023-02-16 15:45,24770.59,217.05558,69499.03,1.29,800372.00,8.36,69546.78,1.29,909.46,0.02
84,多頭出場,Trailing Stop,2023-02-15 11:45,22489.66,446.55754,15129.37,0.15,730872.97,1.85,15174.03,0.15,0,0
84,多頭進場,Long,2023-02-15 11:45,22455.78,446.55754,15129.37,0.15,730872.97,1.85,15174.03,0.15,0,0
83,多頭出場,Trailing Stop,2023-02-14 15:00,22318.85,208.28358,14883.94,0.32,715743.60,1.86,14931.85,0.32,0,0
83,多頭進場,Long,2023-02-14 15:00,22247.39,208.28358,14883.94,0.32,715743.60,1.86,14931.85,0.32,0,0
82,空頭出場,Trailing Stop,2023-02-14 14:15,21600.14,318.65191,14230.99,0.21,700859.66,1.81,14275.61,0.21,0,0
82,空頭進場,Short,2023-02-14 14:15,21644.80,318.65191,14230.99,0.21,700859.66,1.81,14275.61,0.21,0,0
81,空頭出場,Trailing Stop,2023-02-12 21:45,21703.39,419.1799,39750.83,0.44,686628.66,5.32,39792.75,0.44,15119.82,0.17
81,空頭進場,Short,2023-02-12 21:45,21798.22,419.1799,39750.83,0.44,686628.66,5.32,39792.75,0.44,15119.82,0.17
80,多頭出場,Trailing Stop,2023-02-12 16:45,22062.89,381.47954,7335.85,0.09,646877.83,0.99,7377.81,0.09,0,0
80,多頭進場,Long,2023-02-12 16:45,22043.66,381.47954,7335.85,0.09,646877.83,0.99,7377.81,0.09,0,0
79,多頭出場,Trailing Stop,2023-02-12 14:45,21954.28,515.12878,4090.12,0.04,639541.98,0.56,4131.33,0.04,0,0
79,多頭進場,Long,2023-02-12 14:45,21946.34,515.12878,4090.12,0.04,639541.98,0.56,4131.33,0.04,0,0
78,空頭出場,Trailing Stop,2023-02-07 18:30,22769.27,191.22164,4658.16,0.11,635451.86,0.64,4700.23,0.11,0,0
78,空頭進場,Short,2023-02-07 18:30,22793.63,191.22164,4658.16,0.11,635451.86,0.64,4700.23,0.11,0,0
77,多頭出場,Trailing Stop,2023-02-07 18:00,23350.09,252.79651,16980.34,0.29,630793.70,2.38,17020.79,0.29,0,0
77,多頭進場,Long,2023-02-07 18:00,23282.92,252.79651,16980.34,0.29,630793.70,2.38,17020.79,0.29,0,0
76,空頭出場,Trailing Stop,2023-02-02 21:15,23723.06,193.83064,10554.08,0.23,613813.36,1.5,10594.78,0.23,3380.41,0.07
76,空頭進場,Short,2023-02-02 21:15,23777.51,193.83064,10554.08,0.23,613813.36,1.5,10594.78,0.23,3380.41,0.07
75,空頭出場,Trailing Stop,2023-02-02 14:45,23525.13,283.71563,68157.01,1.01,603259.28,10.73,68193.89,1.01,23205.10,0.34
75,空頭進場,Short,2023-02-02 14:45,23765.36,283.71563,68157.01,1.01,603259.28,10.73,68193.89,1.01,23205.10,0.34
74,多頭出場,Trailing Stop,2023-02-01 19:45,23494.54,151.90992,34817.75,0.99,535102.27,5.8,34852.69,0.99,16729.84,0.47
74,多頭進場,Long,2023-02-01 19:45,23265.34,151.90992,34817.75,0.99,535102.27,5.8,34852.69,0.99,16729.84,0.47
73,多頭出場,Trailing Stop,2023-01-29 13:00,23665.84,205.32147,38524.47,0.8,500284.52,6.86,38557.32,0.8,4163.92,0.09
73,多頭進場,Long,2023-01-29 13:00,23478.21,205.32147,38524.47,0.8,500284.52,6.86,38557.32,0.8,4163.92,0.09
72,多頭出場,Trailing Stop,2023-01-29 10:15,23499.88,248.34035,24752.08,0.43,461760.05,4.61,24781.88,0.43,4259.04,0.07
72,多頭進場,Long,2023-01-29 10:15,23400.21,248.34035,24752.08,0.43,461760.05,4.61,24781.88,0.43,4259.04,0.07
71,多頭出場,Trailing Stop,2023-01-29 01:30,23451.25,234.51797,15194.42,0.28,437007.97,2.91,15224.91,0.28,0,0
71,多頭進場,Long,2023-01-29 01:30,23386.46,234.51797,15194.42,0.28,437007.97,2.91,15224.91,0.28,0,0
70,空頭出場,Trailing Stop,2023-01-27 16:00,22924.19,164.54288,1317.99,0.03,421813.55,0.25,1347.61,0.04,0,0
70,空頭進場,Short,2023-01-27 16:00,22932.20,164.54288,1317.99,0.03,421813.55,0.25,1347.61,0.04,0,0
69,空頭出場,Trailing Stop,2023-01-26 06:30,22979.77,171.28791,3751.21,0.1,420495.56,0.73,3782.04,0.1,0,0
69,空頭進場,Short,2023-01-26 06:30,23001.67,171.28791,3751.21,0.1,420495.56,0.73,3782.04,0.1,0,0
68,空頭出場,Trailing Stop,2023-01-24 13:45,22816.93,213.0068,2153.50,0.04,416744.36,0.42,2183.32,0.04,0,0
68,空頭進場,Short,2023-01-24 13:45,22827.04,213.0068,2153.50,0.04,416744.36,0.42,2183.32,0.04,0,0
67,空頭出場,Trailing Stop,2023-01-24 09:15,22887.00,233.30787,7829.81,0.15,414590.86,1.55,7860.14,0.15,0,0
67,空頭進場,Short,2023-01-24 09:15,22920.56,233.30787,7829.81,0.15,414590.86,1.55,7860.14,0.15,0,0
66,空頭出場,Trailing Stop,2023-01-23 19:45,22654.26,111.49437,10295.39,0.41,406761.05,2.07,10324.38,0.41,5617.09,0.22
66,空頭進場,Short,2023-01-23 19:45,22746.60,111.49437,10295.39,0.41,406761.05,2.07,10324.38,0.41,5617.09,0.22
65,多頭出場,Trailing Stop,2023-01-23 18:00,23126.78,127.48642,7848.06,0.27,396465.65,1.61,7876.11,0.27,0,0
65,多頭進場,Long,2023-01-23 18:00,23065.22,127.48642,7848.06,0.27,396465.65,1.61,7876.11,0.27,0,0
64,空頭出場,Trailing Stop,2023-01-23 15:00,22586.93,114.32198,4662.05,0.18,388617.59,0.96,4690.63,0.18,0,0
64,空頭進場,Short,2023-01-23 15:00,22627.71,114.32198,4662.05,0.18,388617.59,0.96,4690.63,0.18,0,0
63,空頭出場,Trailing Stop,2023-01-22 15:30,22744.30,145.61624,4969.88,0.15,383955.54,1.04,4997.55,0.15,0,0
63,空頭進場,Short,2023-01-22 15:30,22778.43,145.61624,4969.88,0.15,383955.54,1.04,4997.55,0.15,0,0
62,多頭出場,Trailing Stop,2023-01-20 14:45,21161.02,248.57234,4852.13,0.09,378985.66,1.02,4879.48,0.09,0,0
62,多頭進場,Long,2023-01-20 14:45,21141.50,248.57234,4852.13,0.09,378985.66,1.02,4879.48,0.09,0,0
61,空頭出場,Trailing Stop,2023-01-18 15:45,20842.20,121.63648,54348.40,2.1,374133.53,12.95,54372.72,2.1,3756.13,0.15
61,空頭進場,Short,2023-01-18 15:45,21289.01,121.63648,54348.40,2.1,374133.53,12.95,54372.72,2.1,3756.13,0.15
60,空頭出場,Trailing Stop,2023-01-17 14:45,21112.20,119.18089,4606.34,0.18,319785.13,1.11,4630.18,0.18,0,0
60,空頭進場,Short,2023-01-17 14:45,21150.85,119.18089,4606.34,0.18,319785.13,1.11,4630.18,0.18,0,0
59,多頭出場,Trailing Stop,2023-01-17 14:15,21647.32,161.24694,41606.55,1.21,315178.79,11.14,41627.51,1.21,20225.20,0.59
59,多頭進場,Long,2023-01-17 14:15,21389.29,161.24694,41606.55,1.21,315178.79,11.14,41627.51,1.21,20225.20,0.59
58,多頭出場,Trailing Stop,2023-01-17 00:15,21291.33,110.43794,2459.45,0.1,273572.24,0.66,2481.54,0.11,0,0
58,多頭進場,Long,2023-01-17 00:15,21269.06,110.43794,2459.45,0.1,273572.24,0.66,2481.54,0.11,0,0
57,多頭出場,Trailing Stop,2023-01-16 19:00,21414.23,108.11204,14299.98,0.62,271112.79,4.01,14320.52,0.62,3455.26,0.15
57,多頭進場,Long,2023-01-16 19:00,21281.96,108.11204,14299.98,0.62,271112.79,4.01,14320.52,0.62,3455.26,0.15
56,空頭出場,Trailing Stop,2023-01-16 08:15,20745.20,94.69763,5000.03,0.25,256812.81,1.42,5020.87,0.25,0,0
56,空頭進場,Short,2023-01-16 08:15,20798.00,94.69763,5000.03,0.25,256812.81,1.42,5020.87,0.25,0,0
55,多頭出場,Trailing Stop,2023-01-16 02:30,21370.82,85.62921,2291.44,0.13,251812.77,0.66,2311.99,0.13,0,0
55,多頭進場,Long,2023-01-16 02:30,21344.06,85.62921,2291.44,0.13,251812.77,0.66,2311.99,0.13,0,0
54,多頭出場,Trailing Stop,2023-01-16 01:15,21321.81,101.5029,13207.56,0.61,249521.34,3.93,13226.84,0.61,0,0
54,多頭進場,Long,2023-01-16 01:15,21191.69,101.5029,13207.56,0.61,249521.34,3.93,13226.84,0.61,0,0
53,空頭出場,Trailing Stop,2023-01-15 18:15,20762.18,109.28573,1483.01,0.07,236313.78,0.44,1502.68,0.07,0,0
53,空頭進場,Short,2023-01-15 18:15,20775.75,109.28573,1483.01,0.07,236313.78,0.44,1502.68,0.07,0,0
52,多頭出場,Trailing Stop,2023-01-13 15:15,19293.01,115.54031,18551.15,0.84,234830.77,5.87,18569.64,0.84,6317.74,0.29
52,多頭進場,Long,2023-01-13 15:15,19132.45,115.54031,18551.15,0.84,234830.77,5.87,18569.64,0.84,6317.74,0.29
51,多頭出場,Trailing Stop,2023-01-12 18:45,18829.70,61.00587,4340.57,0.38,216279.62,1.39,4358.87,0.38,727.80,0.06
51,多頭進場,Long,2023-01-12 18:45,18758.55,61.00587,4340.57,0.38,216279.62,1.39,4358.87,0.38,727.80,0.06
50,多頭出場,Trailing Stop,2023-01-12 17:45,18848.23,69.36148,13438.79,1.04,211939.05,4.5,13456.13,1.04,134.56,0.01
50,多頭進場,Long,2023-01-12 17:45,18654.48,69.36148,13438.79,1.04,211939.05,4.5,13456.13,1.04,134.56,0.01
49,空頭出場,Trailing Stop,2023-01-12 14:45,17925.31,79.73711,4711.67,0.33,198500.26,1.6,4729.21,0.33,0,0
49,空頭進場,Short,2023-01-12 14:45,17984.40,79.73711,4711.67,0.33,198500.26,1.6,4729.21,0.33,0,0
48,多頭出場,Trailing Stop,2023-01-12 14:00,18356.39,88.09252,6296.85,0.39,193788.60,2.19,6313.59,0.39,4449.55,0.28
48,多頭進場,Long,2023-01-12 14:00,18284.91,88.09252,6296.85,0.39,193788.60,2.19,6313.59,0.39,4449.55,0.28
47,多頭出場,Trailing Stop,2023-01-11 18:15,17530.54,221.97262,3043.24,0.08,187491.75,1.07,3058.78,0.08,0,0
47,多頭進場,Long,2023-01-11 18:15,17516.83,221.97262,3043.24,0.08,187491.75,1.07,3058.78,0.08,0,0
46,多頭出場,Trailing Stop,2023-01-10 18:30,17443.88,220.45913,14477.55,0.38,184448.50,5.36,14492.98,0.38,240.30,0.01
46,多頭進場,Long,2023-01-10 18:30,17378.21,220.45913,14477.55,0.38,184448.50,5.36,14492.98,0.38,240.30,0.01
45,多頭出場,Trailing Stop,2023-01-10 15:15,17374.93,218.04047,7033.99,0.19,169970.95,2.68,7049.25,0.19,3678.34,0.1
45,多頭進場,Long,2023-01-10 15:15,17342.67,218.04047,7033.99,0.19,169970.95,2.68,7049.25,0.19,3678.34,0.1
44,空頭出場,Trailing Stop,2023-01-09 20:15,17234.96,192.04712,1152.28,0.03,162936.96,0.44,1167.65,0.04,0,0
44,空頭進場,Short,2023-01-09 20:15,17240.96,192.04712,1152.28,0.03,162936.96,0.44,1167.65,0.04,0,0
43,多頭出場,Trailing Stop,2023-01-09 00:45,17198.92,189.07032,8969.50,0.28,161784.68,3.55,8984.62,0.28,2456.02,0.08
43,多頭進場,Long,2023-01-09 00:45,17151.48,189.07032,8969.50,0.28,161784.68,3.55,8984.62,0.28,2456.02,0.08
42,多頭出場,Trailing Stop,2023-01-09 00:00,17186.38,208.34636,12198.68,0.34,152815.19,5.07,12211.18,0.34,2702.25,0.08
42,多頭進場,Long,2023-01-09 00:00,17127.83,208.34636,12198.68,0.34,152815.19,5.07,12211.18,0.34,2702.25,0.08
41,空頭出場,Trailing Stop,2023-01-08 16:30,16916.14,349.7057,5857.57,0.1,140616.51,2.5,5871.56,0.1,5616.27,0.09
41,空頭進場,Short,2023-01-08 16:30,16932.89,349.7057,5857.57,0.1,140616.51,2.5,5871.56,0.1,5616.27,0.09
40,多頭出場,Trailing Stop,2023-01-08 16:00,17022.06,479.65723,10374.99,0.13,134758.94,4.62,10384.58,0.13,0,0
40,多頭進場,Long,2023-01-08 16:00,17000.43,479.65723,10374.99,0.13,134758.94,4.62,10384.58,0.13,0,0
39,多頭出場,Trailing Stop,2023-01-06 16:00,16853.93,180.90483,2501.91,0.08,124383.95,1.13,2514.58,0.08,0,0
39,多頭進場,Long,2023-01-06 16:00,16840.10,180.90483,2501.91,0.08,124383.95,1.13,2514.58,0.08,0,0
38,空頭出場,Trailing Stop,2023-01-06 14:45,16720.06,196.91476,2024.28,0.06,121882.04,0.92,2036.10,0.06,0,0
38,空頭進場,Short,2023-01-06 14:45,16730.34,196.91476,2024.28,0.06,121882.04,0.92,2036.10,0.06,0,0
37,空頭出場,Trailing Stop,2023-01-04 19:30,16787.94,136.47594,3275.42,0.14,119857.75,1.51,3287.71,0.14,0,0
37,空頭進場,Short,2023-01-04 19:30,16811.94,136.47594,3275.42,0.14,119857.75,1.51,3287.71,0.14,0,0
36,多頭出場,Trailing Stop,2023-01-04 17:45,16939.94,196.92262,3489.47,0.1,116582.33,1.64,3501.28,0.11,0,0
36,多頭進場,Long,2023-01-04 17:45,16922.22,196.92262,3489.47,0.1,116582.33,1.64,3501.28,0.11,0,0
35,空頭出場,Trailing Stop,2023-01-04 15:15,16789.67,222.05615,626.20,0.02,113092.86,0.29,637.30,0.02,0,0
35,空頭進場,Short,2023-01-04 15:15,16792.49,222.05615,626.20,0.02,113092.86,0.29,637.30,0.02,0,0
34,多頭出場,Trailing Stop,2023-01-04 03:15,16854.65,208.98574,3864.15,0.11,112466.66,1.85,3874.60,0.11,0,0
34,多頭進場,Long,2023-01-04 03:15,16836.16,208.98574,3864.15,0.11,112466.66,1.85,3874.60,0.11,0,0
33,空頭出場,Trailing Stop,2023-01-03 15:00,16651.71,224.483,2327.89,0.06,108602.52,1.13,2339.11,0.06,0,0
33,空頭進場,Short,2023-01-03 15:00,16662.08,224.483,2327.89,0.06,108602.52,1.13,2339.11,0.06,0,0
32,多頭出場,Trailing Stop,2023-01-02 10:15,16744.38,209.85662,491.06,0.01,106274.63,0.24,501.56,0.01,0,0
32,多頭進場,Long,2023-01-02 10:15,16742.04,209.85662,491.06,0.01,106274.63,0.24,501.56,0.01,0,0
31,空頭出場,Trailing Stop,2023-01-02 01:15,16548.73,345.74557,6496.56,0.11,105783.56,3.26,6506.93,0.11,857.45,0.01
31,空頭進場,Short,2023-01-02 01:15,16567.52,345.74557,6496.56,0.11,105783.56,3.26,6506.93,0.11,857.45,0.01
30,多頭出場,Trailing Stop,2022-12-30 21:15,16612.58,176.98739,1067.23,0.04,99287.00,0.54,1077.85,0.04,0,0
30,多頭進場,Long,2022-12-30 21:15,16606.55,176.98739,1067.23,0.04,99287.00,0.54,1077.85,0.04,0,0
29,空頭出場,Trailing Stop,2022-12-28 15:30,16593.66,154.7151,9566.03,0.37,98219.77,5.07,9576.86,0.37,3187.13,0.12
29,空頭進場,Short,2022-12-28 15:30,16655.49,154.7151,9566.03,0.37,98219.77,5.07,9576.86,0.37,3187.13,0.12
28,多頭出場,Trailing Stop,2022-12-27 00:00,16972.79,255.11057,13622.90,0.32,88653.74,7.78,13633.11,0.32,0,0
28,多頭進場,Long,2022-12-27 00:00,16919.39,255.11057,13622.90,0.32,88653.74,7.78,13633.11,0.32,0,0
27,空頭出場,Trailing Stop,2022-12-25 19:15,16731.82,220.92618,6345.00,0.17,75030.83,3.76,6353.84,0.17,1170.91,0.03
27,空頭進場,Short,2022-12-25 19:15,16760.54,220.92618,6345.00,0.17,75030.83,3.76,6353.84,0.17,1170.91,0.03
26,多頭出場,Trailing Stop,2022-12-20 15:00,16999.90,91.7413,9224.59,0.59,68685.83,5.78,9233.76,0.6,137.61,0.01
26,多頭進場,Long,2022-12-20 15:00,16899.35,91.7413,9224.59,0.59,68685.83,5.78,9233.76,0.6,137.61,0.01
25,多頭出場,Trailing Stop,2022-12-20 02:45,16818.28,67.19958,2763.92,0.25,59461.24,1.76,2772.65,0.25,0,0
25,多頭進場,Long,2022-12-20 02:45,16777.15,67.19958,2763.92,0.25,59461.24,1.76,2772.65,0.25,0,0
24,空頭出場,Trailing Stop,2022-12-14 19:15,17829.69,35.04823,3580.53,0.57,56697.32,2.34,3589.64,0.57,932.28,0.15
24,空頭進場,Short,2022-12-14 19:15,17931.85,35.04823,3580.53,0.57,56697.32,2.34,3589.64,0.57,932.28,0.15
23,多頭出場,Trailing Stop,2022-12-13 10:00,17476.97,90.91388,4468.42,0.28,53116.80,3.01,4476.60,0.28,0,0
23,多頭進場,Long,2022-12-13 10:00,17427.82,90.91388,4468.42,0.28,53116.80,3.01,4476.60,0.28,0,0
22,多頭出場,Trailing Stop,2022-12-11 19:15,17251.83,230.35543,2462.50,0.06,48648.38,1.68,2469.41,0.06,2068.59,0.05
22,多頭進場,Long,2022-12-11 19:15,17241.14,230.35543,2462.50,0.06,48648.38,1.68,2469.41,0.06,2068.59,0.05
21,多頭出場,Trailing Stop,2022-12-05 08:30,17385.91,91.4144,2972.80,0.19,46185.88,2.08,2981.02,0.19,1224.04,0.08
21,多頭進場,Long,2022-12-05 08:30,17353.39,91.4144,2972.80,0.19,46185.88,2.08,2981.02,0.19,1224.04,0.08
20,多頭出場,Trailing Stop,2022-12-05 04:45,17424.15,78.86982,11757.91,0.86,43213.08,8.94,11765.80,0.86,2142.89,0.16
20,多頭進場,Long,2022-12-05 04:45,17275.07,78.86982,11757.91,0.86,43213.08,8.94,11765.80,0.86,2142.89,0.16
19,多頭出場,Trailing Stop,2022-12-05 00:45,17268.29,81.79478,1448.59,0.1,31455.17,1.11,1455.95,0.1,0,0
19,多頭進場,Long,2022-12-05 00:45,17250.58,81.79478,1448.59,0.1,31455.17,1.11,1455.95,0.1,0,0
18,多頭出場,Trailing Stop,2022-12-04 15:15,17051.41,133.57087,2563.22,0.11,30006.59,2.01,2569.90,0.11,0,0
18,多頭進場,Long,2022-12-04 15:15,17032.22,133.57087,2563.22,0.11,30006.59,2.01,2569.90,0.11,0,0
17,多頭出場,Trailing Stop,2022-11-30 19:30,17118.45,47.55626,161.22,0.02,27443.36,0.13,168.82,0.02,0,0
17,多頭進場,Long,2022-11-30 19:30,17115.06,47.55626,161.22,0.02,27443.36,0.13,168.82,0.02,0,0
16,多頭出場,Trailing Stop,2022-11-30 00:45,16888.80,58.27181,3074.42,0.31,27282.15,2.48,3081.41,0.31,0,0
16,多頭進場,Long,2022-11-30 00:45,16836.04,58.27181,3074.42,0.31,27282.15,2.48,3081.41,0.31,0,0
15,空頭出場,Trailing Stop,2022-11-29 15:00,16343.56,77.89504,1486.24,0.12,24207.72,1.21,1493.25,0.12,0,0
15,空頭進場,Short,2022-11-29 15:00,16362.64,77.89504,1486.24,0.12,24207.72,1.21,1493.25,0.12,0,0
14,多頭出場,Trailing Stop,2022-11-29 08:45,16548.63,82.44074,2327.30,0.17,22721.49,1.93,2333.90,0.17,0,0
14,多頭進場,Long,2022-11-29 08:45,16520.40,82.44074,2327.30,0.17,22721.49,1.93,2333.90,0.17,0,0
13,多頭出場,Trailing Stop,2022-11-29 05:15,16526.92,61.17672,2001.09,0.2,20394.19,1.69,2007.82,0.2,918.26,0.09
13,多頭進場,Long,2022-11-29 05:15,16494.21,61.17672,2001.09,0.2,20394.19,1.69,2007.82,0.2,918.26,0.09
12,空頭出場,Trailing Stop,2022-11-26 15:00,16550.61,100.66037,1644.79,0.1,18393.09,1.41,1650.83,0.1,1568.29,0.09
12,空頭進場,Short,2022-11-26 15:00,16566.95,100.66037,1644.79,0.1,18393.09,1.41,1650.83,0.1,1568.29,0.09
11,多頭出場,Trailing Stop,2022-11-26 01:30,16684.86,76.95031,794.13,0.06,16748.30,0.68,801.05,0.06,0,0
11,多頭進場,Long,2022-11-26 01:30,16674.54,76.95031,794.13,0.06,16748.30,0.68,801.05,0.06,0,0
10,空頭出場,Trailing Stop,2022-11-23 19:30,16397.21,40.57471,1075.23,0.16,15954.18,0.94,1081.72,0.16,0,0
10,空頭進場,Short,2022-11-23 19:30,16423.71,40.57471,1075.23,0.16,15954.18,0.94,1081.72,0.16,0,0
9,多頭出場,Trailing Stop,2022-11-23 02:30,16569.89,47.60396,6013.33,0.77,14878.95,5.52,6019.52,0.77,609.81,0.08
9,多頭進場,Long,2022-11-23 02:30,16443.57,47.60396,6013.33,0.77,14878.95,5.52,6019.52,0.77,609.81,0.08
8,多頭出場,Trailing Stop,2022-11-22 14:00,16217.82,34.29874,1605.52,0.29,8865.62,1.5,1611.70,0.29,0,0
8,多頭進場,Long,2022-11-22 14:00,16171.01,34.29874,1605.52,0.29,8865.62,1.5,1611.70,0.29,0,0
7,空頭出場,Trailing Stop,2022-11-20 08:45,16569.34,99.33476,1286.39,0.08,7260.09,1.21,1292.35,0.08,0,0
7,空頭進場,Short,2022-11-20 08:45,16582.29,99.33476,1286.39,0.08,7260.09,1.21,1292.35,0.08,0,0
6,多頭出場,Trailing Stop,2022-11-18 00:15,16881.86,51.51761,1673.81,0.19,5973.71,1.6,1679.99,0.19,0,0
6,多頭進場,Long,2022-11-18 00:15,16849.37,51.51761,1673.81,0.19,5973.71,1.6,1679.99,0.19,0,0
5,空頭出場,Trailing Stop,2022-11-17 16:00,16517.49,44.82823,767.46,0.1,4299.90,0.74,773.29,0.1,0,0
5,空頭進場,Short,2022-11-17 16:00,16534.61,44.82823,767.46,0.1,4299.90,0.74,773.29,0.1,0,0
4,空頭出場,Trailing Stop,2022-11-15 18:45,16687.66,29.93569,702.59,0.14,3532.44,0.68,708.58,0.14,0,0
4,空頭進場,Short,2022-11-15 18:45,16711.13,29.93569,702.59,0.14,3532.44,0.68,708.58,0.14,0,0
3,多頭出場,Trailing Stop,2022-11-14 07:30,16849.63,16.41686,1391.66,0.51,2829.85,1.37,1397.73,0.51,1064.96,0.39
3,多頭進場,Long,2022-11-14 07:30,16764.86,16.41686,1391.66,0.51,2829.85,1.37,1397.73,0.51,1064.96,0.39
2,空頭出場,Trailing Stop,2022-11-08 17:30,19741.45,12.79603,1260.92,0.5,1438.19,1.26,1266.81,0.5,0,0
2,空頭進場,Short,2022-11-08 17:30,19839.99,12.79603,1260.92,0.5,1438.19,1.26,1266.81,0.5,0,0
1,多頭出場,Trailing Stop,2022-11-08 16:45,20579.28,14.74799,177.27,0.06,177.27,0.18,183.17,0.06,0,0
1,多頭進場,Long,2022-11-08 16:45,20567.26,14.74799,177.27,0.06,177.27,0.18,183.17,0.06,0,0