time,open,high,low,close,High Level,Fib 1.000 Level,Fib 0.786 Level,Fib 0.618 Level,Fib 0.382 Level,Fib 0.236 Level,Low Level,volume,Bullish Volume Trend,Bearish Volume Trend,ATR,RSI,RSI-based MA,Upper Bollinger Band,Lower Bollinger Band,Plot,Regular Bullish,Regular Bullish Label,Regular Bearish,Regular Bearish Label
1701043200,37447.42,37465.55,37390.47,37390.86,37814.63,37163.72,37303.01474,37412.36762,37565.98238,37661.01524,37163.72,234.8514,226.68375999999998,468.87015200000013,101.97803058117866,44.77843579082282,56.786875827181056,NaN,NaN,50,NaN,NaN,NaN,NaN
1701044100,37390.86,37518,37390.86,37518,37814.63,37163.72,37303.01474,37412.36762,37565.98238,37661.01524,37163.72,184.99977,258.78781519999995,165.80738480000008,103.77531411109443,52.0359234232069,55.91106248169361,NaN,NaN,50,NaN,NaN,NaN,NaN
1701045000,37518,37538,37498.83,37532.25,37814.63,37163.72,37303.01474,37412.36762,37565.98238,37661.01524,37163.72,148.72626,196.8123044,139.24645160000006,99.1606488174447,52.78491293384547,55.51349295189003,NaN,NaN,50,NaN,NaN,NaN,NaN
1701045900,37532.24,37558.64,37484.12,37486.4,37814.63,37176.4,37312.98122,37420.20386,37570.82614,37664.00772,37176.4,141.13852,165.10149719999998,157.9163388,97.40060247334127,50.075388129637055,55.11541587823318,NaN,NaN,50,NaN,NaN,NaN,NaN
1701046800,37486.4,37569.23,37486.4,37512.65,37814.63,37226.68,37352.501299999996,37451.2769,37590.0331,37675.8738,37226.68,170.35169,201.06053359999999,150.9665224,96.359845153817,51.606971951662246,54.56313790350949,NaN,NaN,50,NaN,NaN,NaN,NaN
1701047700,37512.65,37544.23,37476.52,37544.23,37814.63,37272.2,37388.28002,37479.40826,37607.42174,37686.616519999996,37272.2,153.31048,215.8053,103.60538799999999,94.31342764283053,53.456875596819806,53.875916369758556,NaN,NaN,50,NaN,NaN,53.456875596819806,NaN
1701048600,37544.22,37550,37476.52,37481.21,37814.63,37293.27,37404.84104,37492.42952,37615.470479999996,37691.58904,37293.27,140.99027,154.84499359999998,146.96189439999998,92.82532566834287,49.39868314417697,52.54082726694794,NaN,NaN,50,NaN,NaN,NaN,NaN
1701049500,37481.22,37536,37458,37489.09,37814.63,37293.27,37404.84104,37492.42952,37615.470479999996,37691.58904,37293.27,134.33774,150.81620799999996,145.23527199999998,91.7663738348898,49.91072599403762,51.455843838136104,NaN,NaN,50,NaN,NaN,NaN,NaN
1701050400,37489.09,37495,37422.14,37458.33,37814.63,37320.3,37426.08662,37509.134060000004,37625.795939999996,37697.96812,37320.3,187.85896,156.42266079999996,158.3169952,90.41591856096913,47.87419614995081,50.283235639015366,NaN,NaN,50,NaN,NaN,NaN,NaN
1701051300,37458.32,37458.33,37371.1,37388.58,37814.63,37320.3,37426.08662,37509.134060000004,37625.795939999996,37697.96812,37320.3,183.56161,116.06665199999998,203.956972,90.18835294947156,43.5361926134595,48.98981245746563,NaN,NaN,50,NaN,NaN,NaN,NaN
1701052200,37388.57,37390.77,37254.08,37257.44,37814.63,37254.08,37374.0377,37468.2101,37600.4999,37682.3402,37254.08,372.09976,88.023708,319.515628,93.5098991673661,36.78691323474858,48.46209359799593,NaN,NaN,50,36.78691323474858,NaN,NaN,NaN
1701053100,37257.43,37322.96,37230,37314.94,37814.63,37230,37355.11082,37453.32866,37591.30134,37676.65732,37230,242.62883,150.32016959999996,297.8745904,93.47062065541131,41.098625192001336,48.02274648596558,NaN,NaN,50,NaN,NaN,NaN,NaN
1701054000,37314.93,37332,37231.53,37305.56,37814.63,37230,37355.11082,37453.32866,37591.30134,37676.65732,37230,170.46051,160.43454519999997,302.2093228,93.97057632288201,40.61197540917705,47.26573480604634,NaN,NaN,50,NaN,NaN,NaN,NaN
1701054900,37305.56,37309.99,37231.27,37238.07,37789.55,37230,37349.7437,37443.748100000004,37575.8019,37657.4962,37230,159.94191,144.2891464,307.1879016,92.88124944267624,37.19893796024341,46.51105410884217,NaN,NaN,50,NaN,NaN,NaN,NaN
1701055800,37238.07,37300.15,37200,37278.03,37783.29,37200,37324.82406,37422.81678,37560.47322,37645.63356,37200,388.13767,245.6252296,287.68224239999995,93.40044591105661,40.39308091148399,46.197814474603675,NaN,NaN,50,NaN,NaN,NaN,NaN
1701056700,37278.02,37309.26,37268.52,37309.25,37782.18,37200,37324.58652,37422.39276,37559.78724,37644.78552,37200,112.16704,262.14801040000003,167.18637359999997,89.63898548883866,42.839200889688385,45.5409057222095,NaN,NaN,50,NaN,NaN,NaN,NaN
1701057600,37309.26,37332.2,37300,37316.41,37759.72,37200,37319.78008,37413.81304,37545.90696,37627.62608,37200,107.94582,224.43676760000002,151.0244124,85.53620081106426,43.4127419792394,44.871464939737635,NaN,NaN,50,NaN,NaN,NaN,NaN
1701058500,37316.41,37316.41,37259.42,37299.98,37759.72,37200,37319.78008,37413.81304,37545.90696,37627.62608,37200,170.58306,224.47108160000002,151.03911839999998,83.4971864674172,42.362340283133946,44.320532950701704,NaN,NaN,50,NaN,NaN,NaN,NaN
1701059400,37299.98,37358.21,37285.32,37340.13,37759.72,37200,37319.78008,37413.81304,37545.90696,37627.62608,37200,126.34045,263.55596720000005,98.51364879999997,82.73953029117307,45.81272990642917,43.906658518899334,NaN,NaN,50,NaN,NaN,NaN,NaN
1701060300,37340.14,37385.48,37329.06,37371.53,37748,37200,37317.272,37409.336,37538.664,37618.672,37200,142.78646,194.8576284,69.07150359999999,80.85956384180396,48.413640722352454,43.54642745643738,NaN,NaN,50,NaN,NaN,NaN,NaN
1701061200,37371.52,37393.57,37351.29,37385.96,37748,37200,37317.272,37409.336,37538.664,37618.672,37200,108.35699,193.79081440000004,68.61429759999999,78.10388071024646,49.61062521683626,43.56156617591305,NaN,NaN,50,NaN,NaN,NaN,NaN
1701062100,37385.95,37392.09,37331.21,37348.07,37748,37200,37317.272,37409.336,37538.664,37618.672,37200,134.12278,168.93089600000002,103.94499999999998,76.87360351665724,46.55590541012134,43.32193613420475,NaN,NaN,50,NaN,NaN,NaN,NaN
1701063000,37348.07,37361.34,37331.44,37344.37,37748,37200,37317.272,37409.336,37538.664,37618.672,37200,96.49424,132.74694800000003,110.49341999999999,73.51834612260988,46.25638243028806,43.20637801137169,NaN,NaN,50,NaN,NaN,NaN,NaN
1701063900,37344.37,37353.28,37300,37306.32,37748,37200,37317.272,37409.336,37538.664,37618.672,37200,118.64503,92.01018720000005,148.1520128,72.0727499709948,43.17976652615175,43.18091900513543,NaN,NaN,50,NaN,NaN,NaN,NaN
1701064800,37306.32,37388.88,37294.07,37388.88,37748,37200,37317.272,37409.336,37538.664,37618.672,37200,132.14892,99.60358959999999,136.3035944,73.69683925878073,50.822790227683285,44.1834816474879,NaN,NaN,50,NaN,NaN,50.822790227683285,NaN
1701065700,37388.88,37419.56,37372,37378.04,37748,37200,37317.272,37409.336,37538.664,37618.672,37200,156.30366,75.51577879999999,179.57007320000002,71.82992216886765,49.87419191919234,44.810307842287266,NaN,NaN,50,NaN,NaN,NaN,NaN
1701066600,37378.05,37411.67,37372,37379.52,37748,37200,37317.272,37409.336,37538.664,37618.672,37200,105.7629,99.76447959999999,143.97742040000003,69.53278487109127,50.01137865325993,45.481693788293185,NaN,NaN,50,NaN,NaN,NaN,NaN
1701067500,37379.51,37389.51,37268,37272.06,37748,37200,37317.272,37409.336,37538.664,37618.672,37200,153.25466,94.31535719999998,172.13071080000003,73.24544309458489,41.19542125826134,45.76715688100875,NaN,NaN,50,NaN,NaN,NaN,NaN
1701068400,37272.06,37339.64,37264.31,37327.79,37748,37200,37317.272,37409.336,37538.664,37618.672,37200,199.05615,161.22977,137.380746,73.39434001640038,46.46598822966888,46.2009359751648,NaN,NaN,50,NaN,NaN,NaN,NaN
1701069300,37327.79,37335.99,37164,37209.6,37748,37164,37288.976,37387.088,37524.912,37610.176,37164,425.12887,130.6613136,285.14118240000005,80.43688715808592,38.57051744080047,45.896030014529956,NaN,NaN,50,38.57051744080047,NaN,NaN,NaN
1701070200,37209.6,37260.73,37051,37259.99,37748,37051,37200.158,37317.254,37481.746,37583.508,37051,670.79274,365.8945536,255.70357440000006,89.67210950393715,43.016239124401956,45.86770838204156,NaN,NaN,50,NaN,NaN,NaN,NaN
1701071100,37259.99,37305.77,37227.79,37283.19,37748,37051,37200.158,37317.254,37481.746,37583.508,37051,252.7434,407.0490936,273.3412344,88.83695882508421,44.990179154527404,46.05541115856967,NaN,NaN,50,NaN,NaN,NaN,NaN
1701072000,37283.2,37341.36,37261,37338.56,37748,37051,37200.158,37317.254,37481.746,37583.508,37051,259.41168,494.3071120000001,228.54602400000005,88.23146176614966,49.48749105218109,46.31789409755195,NaN,NaN,50,NaN,NaN,NaN,NaN
1701072900,37338.57,37375.99,37308.13,37358.65,37748,37051,37200.158,37317.254,37481.746,37583.508,37051,177.55525,472.36236799999995,241.89040800000006,86.77635735428187,51.05116162702703,46.506288447885844,NaN,NaN,50,NaN,NaN,NaN,NaN
1701073800,37358.66,37396,37340.56,37357.99,37748,37051,37200.158,37317.254,37481.746,37583.508,37051,155.87577,461.59224400000005,144.95929200000006,84.53804611469047,50.99531136007916,46.60519460097463,NaN,NaN,50,NaN,NaN,NaN,NaN
1701074700,37357.98,37365.53,37318.01,37338.14,37748,37051,37200.158,37317.254,37481.746,37583.508,37051,156.08085,238.83655960000002,161.8302204000001,81.89389996364093,49.25017773804216,46.79764262439754,NaN,NaN,50,NaN,NaN,NaN,NaN
1701075600,37338.14,37424.38,37337.63,37419.51,37748,37051,37200.158,37317.254,37481.746,37583.508,37051,292.72878,273.4507684,143.21016360000007,82.2407642519523,55.91085782939813,47.487248010048255,NaN,NaN,50,NaN,NaN,NaN,NaN
1701076500,37419.51,37466,37390.04,37418.26,37748,37051,37200.158,37317.254,37481.746,37583.508,37051,401.07235,260.2770336,213.04816640000007,81.79213823395564,55.78972311044967,48.38795919464097,NaN,NaN,50,NaN,NaN,NaN,NaN
1701077400,37418.25,37437.99,37385.65,37436.02,37748,37051,37200.158,37317.254,37481.746,37583.508,37051,208.69148,285.6904963999999,200.0891956000001,79.68841407438713,57.20828979459546,48.84406630656326,NaN,NaN,50,NaN,NaN,57.20828979459546,NaN
1701078300,37436.03,37450,37371.09,37371.09,37748,37051,37200.158,37317.254,37481.746,37583.508,37051,265.77884,290.0866192,239.6543008000001,79.632813069074,50.79167220934192,48.909600613002524,NaN,NaN,50,NaN,NaN,NaN,NaN
1701079200,37371.1,37371.1,37322,37334.93,37748,37051,37200.158,37317.254,37481.746,37583.508,37051,288.63319,305.99289999999996,276.7689560000001,77.45189784985432,47.59031957099771,48.73666782141237,NaN,NaN,50,NaN,NaN,NaN,NaN
1701080100,37334.93,37341.79,37198.78,37227.85,37748,37051,37200.158,37317.254,37481.746,37583.508,37051,437.0462,218.0923872,422.3964368,82.13461943200774,39.62543217599015,48.62452574410728,NaN,NaN,50,NaN,NaN,NaN,NaN
1701081000,37227.84,37236.73,37025.51,37116.94,37748,37025.51,37180.12286,37301.50118,37472.00882,37577.492360000004,37025.51,919.84938,174.6718924,673.3277436000001,91.355003758293,33.39171892038041,47.69064936487239,NaN,NaN,50,NaN,NaN,NaN,NaN
1701081900,37116.93,37137.35,36960.01,37105.57,37748,36960.01,37128.63986,37261.02218,37446.98782,37562.03436,36960.01,780.48987,318.0801232,758.6388688,97.49678920412896,32.82167541962825,47.28001779193152,NaN,NaN,50,NaN,NaN,NaN,NaN
1701082800,37105.58,37139.42,36960,37083.38,37748,36960,37128.632,37261.016,37446.984,37562.032,36960,656.46076,491.25798240000006,741.7337776,103.34844711811964,31.684828209844824,46.470631298034576,NaN,NaN,50,NaN,NaN,NaN,NaN
1701083700,37083.38,37124.99,37042,37070.43,37748,36960,37128.632,37261.016,37446.984,37562.032,36960,363.04461,500.1873528,762.5689752000001,101.89427232396808,31.00977635104735,45.472031097786,NaN,NaN,50,NaN,NaN,NaN,NaN
1701084600,37070.43,37126,36900,37080,37748,36900,37081.472,37223.936,37424.064,37547.872,36900,711.93074,739.0005712,633.7095728,110.75896715797036,32.16004213901586,44.234356175417055,NaN,NaN,50,NaN,NaN,NaN,NaN
1701085500,37080,37151.09,37028.18,37035.95,37748,36900,37081.472,37223.936,37424.064,37547.872,36900,454.21538,720.3752112,466.08133280000004,111.62689807525793,29.705000447759048,42.70963037689791,NaN,NaN,50,NaN,NaN,NaN,NaN
1701086400,37035.95,37100,36994.16,37071.13,37748,36900,37081.472,37223.936,37424.064,37547.872,36900,418.16567,618.9244352,422.60242880000004,111.21354821273925,34.03595987709406,41.49824812811327,NaN,NaN,50,NaN,NaN,34.03595987709406,NaN
1701087300,37071.14,37078.61,36930,36957.38,37748,36900,37081.472,37223.936,37424.064,37547.872,36900,438.79036,452.6670368,501.7916672,113.88472334040078,28.023840572457544,39.982081187714364,NaN,NaN,50,NaN,NaN,NaN,NaN
1701088200,36957.38,37013.99,36902.23,36991.22,37748,36900,37081.472,37223.936,37424.064,37547.872,36900,400.4496,521.2275716,448.19312840000003,113.73295738751463,31.87893187799837,38.26551504832867,NaN,NaN,50,NaN,NaN,NaN,NaN
1701089100,36991.21,37069,36952.44,36971.61,37748,36900,37081.472,37223.936,37424.064,37547.872,36900,311.48276,277.39181560000003,531.8496924,113.93488900269199,30.84782778815378,36.483951096736114,NaN,NaN,50,NaN,NaN,NaN,NaN
1701090000,36971.6,37022.53,36951.1,36981.1,37748,36900,37081.472,37223.936,37424.064,37547.872,36900,285.90619,339.2769336,402.6408984,110.89882550249972,31.994180151264388,34.6829432650696,NaN,NaN,50,NaN,NaN,NaN,NaN
1701090900,36981.1,37036.72,36810,36922.63,37748,36810,37010.732,37168.316,37389.684,37526.632,36810,814.33908,254.76410920000006,645.6230868,119.17176653803553,28.823775245652485,33.11380776766322,NaN,NaN,50,NaN,NaN,NaN,NaN
1701091800,36922.63,36956.92,36856.6,36860.88,37748,36810,37010.732,37168.316,37389.684,37526.632,36810,378.42649,252.34955440000007,623.8920936000001,117.82521178531867,25.904303862053652,31.564806645595784,NaN,NaN,50,25.904303862053652,NaN,NaN,NaN
1701092700,36860.89,36968,36766.33,36949.99,37748,36766.33,36976.407380000004,37141.32794,37373.00206,37516.325880000004,36766.33,775.33869,419.34559479999996,606.8516892,123.81412522922436,35.98136583321396,31.30451619254034,NaN,NaN,50,NaN,NaN,NaN,NaN
1701093600,36950,36999.99,36855.87,36855.88,37748,36766.33,36976.407380000004,37141.32794,37373.00206,37516.325880000004,36766.33,485.0559,426.28852040000004,669.3380196,125.264544855708,31.16132347823472,31.145202232387078,NaN,NaN,50,NaN,NaN,NaN,NaN
1701094500,36855.87,36855.88,36788,36792.34,37748,36766.33,36976.407380000004,37141.32794,37373.00206,37516.325880000004,36766.33,455.52436,364.4557616,799.0180464000001,121.1656487945858,28.395532547637515,30.829049170102028,NaN,NaN,50,NaN,NaN,NaN,NaN
1701095400,36792.34,36900,36715,36814.63,37748,36715,36936.062,37109.606,37353.394,37504.212,36715,948.72612,597.5255119999999,619.7031120000001,125.72524530925826,30.718630172616557,30.760035024585726,NaN,NaN,50,NaN,NaN,NaN,NaN
1701096300,36814.63,36855.21,36738.66,36807.99,37748,36715,36936.062,37109.606,37353.394,37504.212,36715,518.4161,686.0716724,587.1527956000002,125.06987064431094,30.402202048276564,30.716636860102103,NaN,NaN,50,NaN,NaN,NaN,NaN
1701097200,36807.99,36995.54,36789.38,36979.74,37748,36715,36936.062,37109.606,37353.394,37504.212,36715,488.27849,582.7300003999999,575.6703876000001,130.86202274114612,45.9198104066526,31.69947745064758,NaN,NaN,50,NaN,NaN,NaN,NaN
1701098100,36979.74,37073.42,36957.36,36976.92,37748,36715,36936.062,37109.606,37353.394,37504.212,36715,447.11702,581.2124451999999,562.0123908000002,129.80473540249267,45.73948471714363,32.84479775560363,NaN,NaN,50,NaN,NaN,NaN,NaN
1701099000,36976.93,36984.01,36902.18,36956.16,37748,36715,36936.062,37109.606,37353.394,37504.212,36715,351.73371,661.4769096,440.23166640000017,126.37796858802903,44.35847403738653,33.58212019562452,NaN,NaN,50,NaN,NaN,NaN,NaN
1701099900,36956.17,36956.17,36746.54,36751.02,37748,36715,36936.062,37109.606,37353.394,37504.212,36715,605.88309,420.0689196,544.5024444000003,132.32454226031248,33.571790093823566,33.97840230429352,NaN,NaN,50,NaN,NaN,NaN,NaN
1701100800,36751.01,36873.63,36707,36850.87,37748,36707,36929.774,37104.662,37350.338,37502.324,36707,491.50849,493.32875600000006,460.4795640000002,134.7749320988614,41.08184168687316,34.63575300492743,NaN,NaN,50,NaN,NaN,NaN,NaN
1701101700,36850.87,36943.91,36827.49,36938.67,37748,36707,36929.774,37104.662,37350.338,37502.324,36707,445.41558,477.8981084,458.7650476000002,133.46386552037168,46.779548001367424,35.773733020156975,NaN,NaN,50,NaN,NaN,NaN,NaN
1701102600,36938.68,37050,36885.27,37016.81,37748,36707,36929.774,37104.662,37350.338,37502.324,36707,452.94239,586.8372968,352.15600720000015,135.69716084034536,51.29392290710764,37.152286074145785,NaN,NaN,50,NaN,NaN,NaN,NaN
1701103500,37016.81,37108.54,36980.85,37077.8,37730,36707,36925.922,37097.786,37339.214,37488.572,36707,480.18611,622.8039688000001,367.57029520000015,135.12522078032086,54.53553510729942,38.98884034997771,NaN,NaN,50,NaN,NaN,NaN,NaN
1701104400,37077.79,37143.43,37031.65,37112,37718.09,36707,36923.37326,37093.23638,37331.853619999994,37479.47276,36707,376.12998,703.8850396,194.58798040000013,133.45770501029784,56.29220034087634,41.159404384179325,NaN,NaN,50,NaN,NaN,NaN,NaN
1701105300,37112,37136,37055.21,37118.09,37683,36707,36915.864,37079.832,37310.168,37452.664,36707,320.18541,642.2087308,187.73505720000009,129.6957260809909,56.613674201236705,42.63314069618095,NaN,NaN,50,NaN,NaN,56.613674201236705,NaN
1701106200,37118.08,37134.82,37065,37088,37653.25,36707,36909.4975,37068.4675,37291.7825,37429.935,36707,352.02665,524.1023200000001,268.48589599999997,125.41888850377725,54.48148737526308,44.29886668882584,NaN,NaN,50,NaN,NaN,NaN,NaN
1701107100,37087.99,37092,36886.37,36923.62,37569.23,36707,36891.51722,37036.37186,37239.858140000004,37365.743720000006,36707,441.56982,414.94124360000006,373.09794439999996,131.14825361065013,44.59947985877598,45.4562914967643,NaN,NaN,50,44.59947985877598,NaN,NaN,NaN
1701108000,36923.62,37005.3,36890,36999,37569.23,36707,36891.51722,37036.37186,37239.858140000004,37365.743720000006,36707,376.96519,416.1966012,330.5542188,130.0162354956039,49.154021472112674,46.77310516101402,NaN,NaN,50,NaN,NaN,NaN,NaN
1701108900,36999,37061.1,36989.92,37052.81,37569.23,36707,36891.51722,37036.37186,37239.858140000004,37365.743720000006,36707,222.41692,373.1569444,312.1086516,125.81364724591792,52.1765033212092,48.32841239479493,NaN,NaN,50,NaN,NaN,NaN,NaN
1701109800,37052.81,37078.12,36982,37005.81,37569.23,36707,36891.51722,37036.37186,37239.858140000004,37365.743720000006,36707,205.00837,282.4912011999999,356.7035788,123.69267244263825,49.41355512667089,48.57796558908195,NaN,NaN,50,NaN,NaN,NaN,NaN
1701110700,37005.81,37057.62,36961.44,36967.16,37569.23,36707,36891.51722,37036.37186,37239.858140000004,37365.743720000006,36707,212.22402,265.71488559999995,317.5588424,121.7274815538784,47.20006937041798,48.68229306431583,NaN,NaN,50,NaN,NaN,NaN,NaN
1701111600,36967.16,37018.54,36921.82,36977.24,37569.23,36707,36891.51722,37036.37186,37239.858140000004,37365.743720000006,36707,284.22111,327.6340036,192.70024040000004,119.94123287145861,47.85610856513775,48.93212410201234,NaN,NaN,50,NaN,NaN,NaN,NaN
1701112500,36977.25,37031.94,36976.31,37031.93,37569.23,36707,36891.51722,37036.37186,37239.858140000004,37365.743720000006,36707,179.21517,256.4439964,184.79023960000004,115.34757338064047,51.385458370462736,50.20452897891514,NaN,NaN,50,NaN,NaN,NaN,NaN
1701113400,37031.94,37059.58,36842.07,36864.01,37569.23,36707,36891.51722,37036.37186,37239.858140000004,37365.743720000006,36707,325.72275,207.19616880000004,275.3603992,122.64488956773774,41.988261156888264,50.269273226773365,NaN,NaN,50,NaN,NaN,NaN,NaN
1701114300,36864.01,36893.32,36787.92,36877,37550,36707,36887.402,37029.026,37227.974,37351.052,36707,535.65602,375.43133159999996,239.38429640000004,121.41311174147086,42.85882116172148,49.9892213096558,NaN,NaN,50,NaN,NaN,NaN,NaN
1701115200,36877,36935.47,36831.87,36903.86,37550,36707,36887.402,37029.026,37227.974,37351.052,36707,196.64938,405.02627559999996,203.55949640000006,120.14074661707998,44.706549257463394,49.51869462039549,NaN,NaN,50,NaN,NaN,NaN,NaN
1701116100,36903.86,36957.36,36856,36862.24,37536,36707,36884.406,37023.678,37219.322,37340.356,36707,202.42618,349.73550639999996,226.1322936,118.79926471586002,42.41770228646361,48.65313513319294,NaN,NaN,50,NaN,NaN,NaN,NaN
1701117000,36862.24,36944.84,36861.08,36906.8,37495,36707,36875.632,37008.016,37193.984,37309.032,36707,179.0584,335.35439719999994,240.4506948,116.29646009329822,45.62732578528271,47.89135837922196,NaN,NaN,50,NaN,NaN,NaN,NaN
1701117900,36906.81,36906.81,36800,36800.02,37466,36707,36869.426,36996.938,37176.062,37286.876,36707,258.29626,332.65733759999995,216.1771584,115.61885580091962,39.88943355152439,46.69676976138537,NaN,NaN,50,39.88943355152439,NaN,NaN,NaN
1701118800,36800.01,36928.87,36792.51,36919.98,37466,36707,36869.426,36996.938,37176.062,37286.876,36707,315.19107,253.28995559999993,207.3585604,117.10036610085398,47.8272701828187,46.22146853335363,NaN,NaN,50,NaN,NaN,NaN,NaN
1701119700,36919.98,36998,36910.34,36982.53,37466,36707,36869.426,36996.938,37176.062,37286.876,36707,201.42243,254.62640959999993,207.93132640000005,114.99748280793608,51.428944333702496,46.70928742441981,NaN,NaN,50,NaN,NaN,NaN,NaN
1701120600,36982.52,37060,36978,36990.86,37466,36707,36869.426,36996.938,37176.062,37286.876,36707,248.86965,300.01876999999996,181.11635400000003,112.64051975022637,51.90511443725295,46.905794064786974,NaN,NaN,50,NaN,NaN,NaN,NaN
1701121500,36990.87,37030.88,36968,37030.87,37466,36707,36869.426,36996.938,37176.062,37286.876,36707,146.11368,290.7942483999999,177.1629876,109.0861969109243,54.22629477840636,47.05220774030106,NaN,NaN,50,NaN,NaN,NaN,NaN
1701122400,37030.88,37046.9,36976,36984.29,37466,36707,36869.426,36996.938,37176.062,37286.876,36707,149.56364,298.4100347999999,126.0541532,106.35861141728695,51.13229089011376,47.17497458054698,NaN,NaN,50,NaN,NaN,NaN,NaN
1701123300,36984.28,37056,36966.66,37048.85,37466,36787.92,36933.02912,37046.94656,37206.97344,37305.97312,36787.92,125.85783,230.25006839999992,118.48082359999998,105.14299631605192,54.96747277778731,47.72978910964479,NaN,NaN,50,NaN,NaN,NaN,NaN
1701124200,37048.84,37059.52,37039.7,37049.47,37466,36787.92,36933.02912,37046.94656,37206.97344,37305.97312,36787.92,91.62749,192.17728599999992,112.63562999999999,99.04849657919104,55.00399446211358,48.240352388000204,NaN,NaN,50,NaN,NaN,NaN,NaN
1701125100,37049.48,37084,37049,37083.23,37466,36787.92,36933.02912,37046.94656,37206.97344,37305.97312,36787.92,89.31418,147.50175439999992,93.4889736,94.47360396639168,57.046747948610765,48.644730215010775,NaN,NaN,50,NaN,NaN,NaN,NaN
1701126000,37083.24,37150,37082.04,37133.32,37466,36787.92,36933.02912,37046.94656,37206.97344,37305.97312,36787.92,251.06058,196.9717328,85.9977552,92.57977511164935,59.95182718477487,49.92784207414554,NaN,NaN,50,NaN,NaN,NaN,NaN
1701126900,37133.32,37245,37107.72,37230.43,37466,36787.92,36933.02912,37046.94656,37206.97344,37305.97312,36787.92,457.2591,343.637372,62.41029999999999,95.77264831796003,64.90721224710009,51.50272715167257,NaN,NaN,50,NaN,NaN,NaN,NaN
1701127800,37230.44,37277,37211.1,37241.72,37466,36787.92,36933.02912,37046.94656,37206.97344,37305.97312,36787.92,326.10878,389.63901160000006,96.5090404,93.63888772382013,65.44257814872029,52.98387207247664,NaN,NaN,50,NaN,NaN,NaN,NaN
1701128700,37241.72,37284,37211.1,37242.7,37466,36787.92,36933.02912,37046.94656,37206.97344,37305.97312,36787.92,181.64563,407.64263960000005,114.51266840000001,92.15753860069023,65.4917902697106,54.63202121413714,NaN,NaN,50,NaN,NaN,NaN,NaN
1701129600,37242.7,37257.91,37200,37200,37466,36787.92,36933.02912,37046.94656,37206.97344,37305.97312,36787.92,204.07459,390.79765280000004,177.26181920000002,89.71128584349832,61.38963333797954,55.757900325044055,NaN,NaN,50,NaN,NaN,NaN,NaN
1701130500,37200,37278.03,37191.1,37275.56,37466,36787.92,36933.02912,37046.94656,37206.97344,37305.97312,36787.92,220.67748,379.85973680000006,176.0464952,89.51262256896275,65.50687795958464,57.587717782762546,NaN,NaN,50,NaN,NaN,NaN,NaN
1701131400,37275.56,37342.76,37275.1,37342.75,37466,36787.92,36933.02912,37046.94656,37206.97344,37305.97312,36787.92,272.88085,313.48356680000006,168.67136520000003,87.95172095689425,68.70286295554914,59.07883155224329,NaN,NaN,50,NaN,NaN,68.70286295554914,NaN
1701132300,37342.76,37343.57,37251.88,37258.13,37466,36787.92,36933.02912,37046.94656,37206.97344,37305.97312,36787.92,240.94487,231.81090320000004,216.27846480000002,88.21874088854483,61.03296228903245,59.764832834766864,NaN,NaN,50,NaN,NaN,NaN,NaN
1701133200,37258.14,37266.19,37233.33,37250.4,37466,36787.92,36933.02912,37046.94656,37206.97344,37305.97312,36787.92,186.32092,217.8402876,232.11919640000005,84.26454511079167,60.369941998911905,60.369463374885356,NaN,NaN,50,NaN,NaN,NaN,NaN
1701134100,37250.4,37253.16,37164,37179.06,37466,36787.92,36933.02912,37046.94656,37206.97344,37305.97312,36787.92,273.43419,220.6146716,257.08865240000006,84.61422046002109,54.487012294658435,60.388086054617645,NaN,NaN,50,NaN,NaN,NaN,NaN
1701135000,37179.06,37221.1,37171.1,37210.22,37466,36787.92,36933.02912,37046.94656,37206.97344,37305.97312,36787.92,143.0697,181.2302948,265.4299172,82.14177614144816,56.48178317355879,60.77019264629229,NaN,NaN,50,NaN,NaN,NaN,NaN
1701135900,37210.21,37223.76,37192.68,37198.09,37466,36787.92,36933.02912,37046.94656,37206.97344,37305.97312,36787.92,95.78333,94.4871884,281.33401560000004,78.49450641705913,55.46270671466179,60.805566498926176,NaN,NaN,50,NaN,NaN,NaN,NaN
1701136800,37198.09,37198.09,37123,37157.71,37466,36792.51,36936.63686,37049.78318,37208.72682,37307.05636,36792.51,173.99701,105.7290348,243.3130252,78.25132738726893,52.0931761178821,60.59765090290964,NaN,NaN,50,NaN,NaN,NaN,NaN
1701137700,37157.72,37167.24,37131.1,37146.22,37466,36792.51,36936.63686,37049.78318,37208.72682,37307.05636,36792.51,115.09474,97.18189320000002,223.36969480000002,75.24337543103539,51.141088948295746,60.17581811717286,NaN,NaN,50,NaN,NaN,NaN,NaN
1701138600,37146.21,37191.06,37125,37191.06,37466,36792.51,36936.63686,37049.78318,37208.72682,37307.05636,36792.51,103.21732,123.40276080000004,129.06207920000003,74.58742004310412,54.62630929190267,59.7954239819677,NaN,NaN,50,NaN,NaN,NaN,NaN
1701139500,37191.06,37209.33,37171.16,37179.11,37466,36792.51,36936.63686,37049.78318,37208.72682,37307.05636,36792.51,90.63556,94.21951200000004,137.27167200000002,71.98617575431084,53.53040167860275,58.98279465564646,NaN,NaN,50,NaN,NaN,NaN,NaN
1701140400,37179.1,37196.91,37155.03,37155.04,37466,36792.51,36936.63686,37049.78318,37208.72682,37307.05636,36792.51,64.09157,90.41650080000004,128.3979792,69.83573462900326,51.29803425543493,57.972470091840364,NaN,NaN,50,NaN,NaN,NaN,NaN
1701141300,37155.04,37169.94,37136.73,37159.65,37466,36910.34,37029.25124,37122.602119999996,37253.73788,37334.86424,36910.34,84.46148,99.94299240000004,83.05727560000004,67.21961072693153,51.71337216184164,56.988297369849725,NaN,NaN,50,NaN,NaN,NaN,NaN
1701142200,37159.66,37199.91,37119.77,37121.7,37466,36966.66,37073.518760000006,37157.40788,37275.252120000005,37348.15576,36966.66,178.51555,93.27224560000005,115.09634639999999,68.14249567500833,48.07840362681893,56.037495247623966,NaN,NaN,50,NaN,NaN,NaN,NaN
1701143100,37121.7,37136.7,37102.47,37129.56,37466,36966.66,37073.518760000006,37157.40788,37275.252120000005,37348.15576,36966.66,113.53472,96.98650960000005,115.5090424,65.7201745553646,48.87986980124574,54.84985180774262,NaN,NaN,50,NaN,NaN,NaN,NaN
1701144000,37129.55,37146,37106.47,37143.34,37450,36966.66,37070.09476,37151.295880000005,37265.36412,37335.93176,36966.66,97.49499,121.20843880000004,94.03088520000001,63.849447801409895,50.327522349119214,53.53732747871191,NaN,NaN,50,NaN,NaN,NaN,NaN
1701144900,37143.33,37146,37093.01,37093.01,37450,36966.66,37070.09476,37151.295880000005,37265.36412,37335.93176,36966.66,109.7365,117.90691040000004,115.59038559999999,63.073772958451904,45.28352332229012,52.412367552516024,NaN,NaN,50,NaN,NaN,NaN,NaN
1701145800,37093.01,37099.66,37055,37068.34,37371.1,37039.7,37110.6196,37166.294799999996,37244.5052,37292.889599999995,37039.7,153.074,105.86965760000001,155.0726464,61.75850346141988,43.00817763616186,51.17224152660531,NaN,NaN,50,NaN,NaN,NaN,NaN
1701146700,37068.33,37068.34,36978.82,36988,37343.57,36978.82,37056.8765,37118.1545,37204.2355,37257.489,36978.82,424.91092,115.72547239999999,243.7749796,63.74146749988966,36.56474758970948,49.8920797619661,NaN,NaN,50,NaN,NaN,NaN,NaN
1701147600,36988.01,37010.6,36894.59,36936,37343.57,36894.59,36990.67172,37066.10036,37172.05964,37237.61072,36894.59,499.32477,94.825964,418.990508,67.47493410704054,33.10736894378513,48.222478745553694,NaN,NaN,50,NaN,NaN,NaN,NaN
1701148500,36936,36956,36894.13,36950.38,37343.57,36894.13,36990.31016,37065.81608,37171.88392,37237.50216,36894.13,294.12917,165.6142688,426.8558752,67.07458167082355,34.93944030679857,46.75653114499204,NaN,NaN,50,NaN,NaN,NaN,NaN
1701149400,36950.37,36950.38,36868.41,36906.86,37343.57,36868.41,36970.094240000006,37049.92112,37162.058880000004,37231.43224,36868.41,316.50016,173.8848152,501.29079279999996,68.13854012290714,32.07617636012921,45.326745448009696,NaN,NaN,50,32.07617636012921,NaN,NaN,NaN
1701150300,36906.85,36946.67,36901.1,36913.76,37343.57,36868.41,36970.094240000006,37049.92112,37162.058880000004,37231.43224,36868.41,173.79773,204.17929959999998,479.28580039999997,66.52650154269948,33.013474554122624,44.031915848425896,NaN,NaN,50,NaN,NaN,NaN,NaN
1701151200,36913.75,37000.01,36893.08,36986.01,37343.57,36868.41,36970.094240000006,37049.92112,37162.058880000004,37231.43224,36868.41,319.86945,302.33586479999997,339.11264719999997,69.41246571822096,42.033471503912864,43.13242743499806,NaN,NaN,50,NaN,NaN,NaN,NaN
1701152100,36986.01,37033.44,36974.75,36984.03,37343.57,36868.41,36970.094240000006,37049.92112,37162.058880000004,37231.43224,36868.41,229.64972,291.5488628,242.0296291999999,68.64657530977676,41.86709049927454,42.29933377933175,NaN,NaN,50,NaN,NaN,NaN,NaN
1701153000,36984.04,37071.27,36984.03,37066.15,37343.57,36868.41,36970.094240000006,37049.92112,37162.058880000004,37231.43224,36868.41,184.4787,252.07469359999996,237.6436103999999,69.97467707336399,50.60076736111602,42.24952900116612,NaN,NaN,50,NaN,NaN,NaN,NaN
1701153900,37066.16,37124.99,37040.42,37105.53,37343.57,36868.41,36970.094240000006,37049.92112,37162.058880000004,37231.43224,36868.41,132.67738,276.56435359999995,139.6248383999999,71.01720013955226,54.1575272662969,42.424111508627206,NaN,NaN,50,NaN,NaN,54.1575272662969,NaN
1701154800,37105.53,37118.3,37033,37044.32,37343.57,36868.41,36970.094240000006,37049.92112,37162.058880000004,37231.43224,36868.41,208.67551,236.24800959999993,193.89229439999986,72.03740012958444,48.33241626885606,42.44225526877271,NaN,NaN,50,NaN,NaN,NaN,NaN
1701155700,37044.33,37055.99,36971.4,37000,37343.57,36868.41,36970.094240000006,37049.92112,37162.058880000004,37231.43224,36868.41,156.14508,139.8324172,224.81813879999987,72.93401440604245,44.59244139875456,42.13601038288048,NaN,NaN,50,NaN,NaN,NaN,NaN
1701156600,37000,37055.97,36999.99,37053.13,37343.57,36868.41,36970.094240000006,37049.92112,37162.058880000004,37231.43224,36868.41,151.68434,185.2527908,148.21161319999987,71.72301337703965,49.62480133597501,42.085816024798746,NaN,NaN,50,NaN,NaN,NaN,NaN
1701157500,37053.13,37152.31,37032.41,37105.11,37343.57,36868.41,36970.094240000006,37049.92112,37162.058880000004,37231.43224,36868.41,522.73398,307.0246916,161.74182439999998,75.16422670725069,54.02438306744859,42.710163149452924,NaN,NaN,50,NaN,NaN,NaN,NaN
1701158400,37105.11,37119.65,37042.74,37045.97,37343.57,36868.41,36970.094240000006,37049.92112,37162.058880000004,37231.43224,36868.41,187.1955,277.3628452,213.2109188,75.28892479959018,48.802073402939214,43.124012847079875,NaN,NaN,50,NaN,NaN,NaN,NaN
1701159300,37045.97,37050.79,36988.53,36999.1,37343.57,36868.41,36970.094240000006,37049.92112,37162.058880000004,37231.43224,36868.41,303.1554,305.3944728,222.97124720000002,74.35828731390531,45.08261093308752,43.73243165732117,NaN,NaN,50,NaN,NaN,NaN,NaN
1701160200,36999.11,37056.89,36952.11,36966.01,37343.57,36868.41,36970.094240000006,37049.92112,37162.058880000004,37231.43224,36868.41,287.34506,298.1508656,282.69484639999996,76.53126679148342,42.61331186449983,44.411427580229365,NaN,NaN,50,NaN,NaN,NaN,NaN
1701161100,36966.01,36994.79,36940.54,36940.54,37343.57,36868.41,36970.094240000006,37049.92112,37162.058880000004,37231.43224,36868.41,227.36313,270.8280788,340.2891492,74.9397477349489,40.76258140420162,44.827366230043864,NaN,NaN,50,40.76258140420162,NaN,NaN,NaN
1701162000,36940.54,36991.03,36931.1,36991.02,37343.57,36868.41,36970.094240000006,37049.92112,37162.058880000004,37231.43224,36868.41,136.80414,131.8933364,324.8519556,73.86762289673827,45.78795929569449,45.806779296869955,NaN,NaN,50,NaN,NaN,NaN,NaN
1701162900,36991.02,37043.57,36991.02,37043.56,37343.57,36868.41,36970.094240000006,37049.92112,37162.058880000004,37231.43224,36868.41,206.61268,198.78608119999998,265.7260828,72.34493554697146,50.495288182232976,47.05548027030641,NaN,NaN,50,NaN,NaN,NaN,NaN
1701163800,37043.56,37116.91,37040,37111.13,37343.57,36868.41,36970.094240000006,37049.92112,37162.058880000004,37231.43224,36868.41,192.85245,231.83431520000005,188.55666879999995,72.6710115793309,55.809689787044675,48.039495861958684,NaN,NaN,50,NaN,NaN,55.809689787044675,NaN
1701164700,37111.14,37141.04,37075,37083.16,37343.57,36868.41,36970.094240000006,37049.92112,37162.058880000004,37231.43224,36868.41,269.71607,252.70644120000003,160.63294679999998,72.19736789509304,53.26086893057647,48.85333717848025,NaN,NaN,50,NaN,NaN,NaN,NaN
1701165600,37083.16,37090.05,37034.85,37044.01,37343.57,36868.41,36970.094240000006,37049.92112,37162.058880000004,37231.43224,36868.41,205.82741,250.1221548,154.60294519999997,70.98327018830099,49.83044012761955,48.798313804659074,NaN,NaN,50,NaN,NaN,NaN,NaN
1701166500,37044.02,37096.54,37015.89,37029.44,37343.57,36868.41,36970.094240000006,37049.92112,37162.058880000004,37231.43224,36868.41,171.98998,207.75226360000002,211.0471724,71.67375088913674,48.57649422725598,48.39966858758472,NaN,NaN,50,NaN,NaN,NaN,NaN
1701167400,37029.45,37081.1,37029.44,37055.23,37343.57,36868.41,36970.094240000006,37049.92112,37162.058880000004,37231.43224,36868.41,180.21759,183.83262399999998,224.408776,70.24419725419814,50.9303172206756,48.585232941286115,NaN,NaN,50,NaN,NaN,NaN,NaN
1701168300,37055.24,37108.33,37036.25,37108.33,37343.57,36868.41,36970.094240000006,37049.92112,37162.058880000004,37231.43224,36868.41,117.50837,156.70875519999998,221.39501279999996,70.37532602175554,55.451698505898904,49.360894163225,NaN,NaN,50,NaN,NaN,NaN,NaN
1701169200,37108.33,37120.95,37085.02,37113.99,37343.57,36868.41,36970.094240000006,37049.92112,37162.058880000004,37231.43224,36868.41,140.18839,174.8106472,151.48204879999997,67.91494559163017,55.917956397223556,49.81040523902846,NaN,NaN,50,NaN,NaN,NaN,NaN
1701170100,37113.99,37192.41,37105.34,37173.32,37343.57,36868.41,36970.094240000006,37049.92112,37162.058880000004,37231.43224,36868.41,230.25496,233.00314360000002,103.06057239999998,69.28316376365709,60.575949949492575,50.2783743020316,NaN,NaN,50,NaN,NaN,NaN,NaN
1701171000,37173.32,37227.86,37148.82,37186.48,37343.57,36868.41,36970.094240000006,37049.92112,37162.058880000004,37231.43224,36868.41,220.08774,287.7481116,67.55470840000001,69.98008063768164,61.54654648663301,51.18869380800974,NaN,NaN,50,NaN,NaN,NaN,NaN
1701171900,37186.49,37262.02,37170,37251.42,37343.57,36893.08,36989.484860000004,37065.167180000004,37171.48282,37237.25436,36893.08,298.44416,344.727084,57.866364,71.55436059213272,65.99547376478463,52.68246972455952,NaN,NaN,50,NaN,NaN,65.99547376478463,NaN
1701172800,37251.43,37267.4,37175.83,37181.25,37343.57,36893.08,36989.484860000004,37065.167180000004,37171.48282,37237.25436,36893.08,289.68058,314.011294,157.451038,72.98404912126608,58.16472148866605,53.79328469771425,NaN,NaN,50,NaN,NaN,NaN,NaN
1701173700,37181.25,37221.54,37171.96,37221.54,37343.57,36931.1,37019.36858,37088.66354,37186.00646,37246.22708,36931.1,180.37245,314.0477596,173.48819640000002,71.31233132689006,61.02437181999786,55.2405554416997,NaN,NaN,50,NaN,NaN,NaN,NaN
1701174600,37221.53,37277.12,37201.99,37262.2,37343.57,36931.1,37019.36858,37088.66354,37186.00646,37246.22708,36931.1,216.87074,291.8797812,190.30248680000003,71.58502194639824,63.719609161069016,56.52138757494073,NaN,NaN,50,NaN,NaN,NaN,NaN
1701175500,37262.19,37262.2,37188,37205.21,37343.57,36931.1,37019.36858,37088.66354,37186.00646,37246.22708,36931.1,137.85522,235.76942280000003,213.51983720000004,71.77180609308388,57.69714554141384,57.03580595773938,NaN,NaN,50,NaN,NaN,NaN,NaN
1701176400,37205.21,37205.63,37142.81,37169.96,37343.57,36931.1,37019.36858,37088.66354,37186.00646,37246.22708,36931.1,247.7679,158.06167320000006,270.95708279999997,71.1323913721493,54.279832762914275,56.92653045601577,NaN,NaN,50,54.279832762914275,NaN,NaN,NaN
1701177300,37169.95,37248,37166.11,37247.84,37343.57,36931.1,37019.36858,37088.66354,37186.00646,37246.22708,36931.1,278.29847,246.66189920000005,177.80401279999995,71.9007919884243,59.92703549949255,57.402685210938344,NaN,NaN,50,NaN,NaN,NaN,NaN
1701178200,37247.85,37329,37247.84,37325,37343.57,36931.1,37019.36858,37088.66354,37186.00646,37246.22708,36931.1,435.26407,352.8526784,173.56988159999997,72.56216398925139,64.59323000836977,58.45717020242051,NaN,NaN,50,NaN,NaN,NaN,NaN
1701179100,37324.99,37444,37283.7,37412.29,37444,36931.1,37040.8606,37127.027799999996,37248.0722,37322.9556,36931.1,461.757,458.36139120000007,166.01567279999998,78.82915227573365,68.99209603184293,59.91542747417672,NaN,NaN,50,NaN,NaN,68.99209603184293,NaN
1701180000,37412.29,37439.99,37355.88,37391.71,37444,36931.1,37040.8606,37127.027799999996,37248.0722,37322.9556,36931.1,324.70615,491.8119204000001,207.30551559999995,79.20635568460986,66.88234373226422,61.05485793929019,NaN,NaN,50,NaN,NaN,NaN,NaN
1701180900,37391.72,37434,37355,37418.64,37444,36931.1,37040.8606,37127.027799999996,37248.0722,37322.9556,36931.1,281.24748,540.8290668000001,171.68020119999997,79.19161599285201,68.25052712688458,61.96905998364631,NaN,NaN,50,NaN,NaN,NaN,NaN
1701181800,37418.63,37449,37362.27,37404.2,37449,36931.1,37041.9306,37128.9378,37251.1622,37326.7756,36931.1,349.25496,482.55221280000006,258.33965119999993,79.7300719933628,66.66027013613508,62.73636810785428,NaN,NaN,50,NaN,NaN,NaN,NaN
1701182700,37404.19,37457,37367.35,37367.36,37457,36931.1,37043.6426,37131.9938,37256.1062,37332.8876,36931.1,294.93358,337.6544908,347.10517719999996,80.43863827955127,62.649601966894984,62.8844861090973,NaN,NaN,50,NaN,NaN,NaN,NaN
1701183600,37367.36,37450,37367.35,37402.59,37457,36931.1,37043.6426,37131.9938,37256.1062,37332.8876,36931.1,255.00296,242.82279959999997,359.2352523999999,80.59659268815486,64.828884366537,63.118938814804736,NaN,NaN,50,NaN,NaN,NaN,NaN
1701184500,37402.59,37458,37374.08,37374.08,37458,36991.02,37090.95372,37169.40636,37279.613639999996,37347.79272,36991.02,327.58676,216.96153199999995,386.248764,80.8339789247151,61.69187713702659,62.81153905567917,NaN,NaN,50,61.69187713702659,NaN,NaN,NaN
1701185400,37374.09,37568.28,37302,37484.96,37568.28,37015.89,37134.10146,37226.90298,37357.26702,37437.91596,37015.89,732.88192,402.0497288,381.8143432,94.08012328723537,68.1474138331112,63.524588508853846,NaN,NaN,50,NaN,NaN,NaN,NaN
1701186300,37484.95,37546,37442,37513.19,37568.28,37015.89,37134.10146,37226.90298,37357.26702,37437.91596,37015.89,517.84843,505.136694,346.164766,94.7886859095757,69.55414776141134,64.1338582189548,NaN,NaN,50,NaN,NaN,NaN,NaN
1701187200,37513.2,37666,37513.19,37588.7,37666,37015.89,37155.01354,37264.23202,37417.657979999996,37512.57404,37015.89,859.36354,802.7102252000001,274.36321879999997,98.93306548746298,72.99025017785422,64.79604686301089,NaN,NaN,50,NaN,NaN,NaN,NaN
1701188100,37588.71,37678.03,37556.62,37603.8,37678.03,37015.89,37157.58796,37268.82748,37425.09252,37521.76496,37015.89,611.26695,902.4641423999999,317.11489759999995,100.53856080978679,73.63114447300347,65.93418964383872,NaN,NaN,50,NaN,NaN,NaN,NaN
1701189000,37603.81,37850,37603.8,37771.11,37850,37029.44,37205.039840000005,37342.89392,37536.54608,37656.34784,37029.44,1020.55914,1256.7619624,240.00602959999986,110.94294932337324,79.44968394699907,67.73203615698763,NaN,NaN,50,NaN,NaN,NaN,NaN
1701189900,37771.1,37930,37771.1,37877.57,37930,37036.25,37227.5125,37377.6625,37588.5875,37719.075,37036.25,1068.20348,1377.4777239999999,253.41889199999986,114.3684529431324,82.1488961397308,69.31931191700464,NaN,NaN,50,NaN,NaN,NaN,NaN
1701190800,37877.57,37948,37768.62,37909.72,37948,37085.02,37269.69772,37414.67836,37618.34164,37744.33672,37085.02,875.99546,1547.8385291999998,226.31689879999985,119.01213487576561,82.8801976441919,70.62552389099194,NaN,NaN,50,NaN,NaN,NaN,NaN
1701191700,37909.71,38197,37909.71,38073.99,38197,37105.34,37338.955239999996,37522.354119999996,37779.98588,37939.368239999996,37105.34,1803.2401,1887.6340907999997,264.0719611999999,131.03198238463955,86.02944641648797,71.84247748989516,NaN,NaN,50,NaN,NaN,NaN,NaN
1701192600,38073.98,38220,38045.31,38199.99,38220,37142.81,37373.32866,37554.29658,37808.513419999996,37965.78316,37142.81,1381.69232,2213.88858,245.98761999999988,134.15041221430832,87.8722735057115,73.34175818799852,NaN,NaN,50,NaN,NaN,NaN,NaN
1701193500,38199.99,38240,38093.73,38210.75,38240,37142.81,37377.60866,37561.93658,37820.873419999996,37981.06316,37142.81,837.48799,2147.982966,238.6647739999999,135.01609705614322,88.0176318742264,74.75369424138009,NaN,NaN,50,NaN,NaN,88.0176318742264,NaN
1701194400,38210.75,38222.2,38036.01,38128,38240,37142.81,37377.60866,37561.93658,37820.873419999996,37981.06316,37142.81,845.68809,1797.2572367999996,500.3843472,138.67137583784694,80.06944818127901,75.71149267317608,NaN,NaN,50,NaN,NaN,NaN,NaN
1701195300,38128,38179.99,38048,38105.49,38240,37142.81,37377.60866,37561.93658,37820.873419999996,37981.06316,37142.81,462.31569,1537.3767540000001,594.792922,138.19413470657202,78.00588504667039,76.8083700360172,NaN,NaN,50,NaN,NaN,NaN,NaN
1701196200,38105.49,38140.84,38042,38085.55,38240,37142.81,37377.60866,37561.93658,37820.873419999996,37981.06316,37142.81,611.01097,961.5316344000003,693.7463895999999,135.38312508467376,76.13406419265472,77.61588288073987,NaN,NaN,50,NaN,NaN,NaN,NaN
1701197100,38085.55,38126.95,37875,37971.64,38240,37142.81,37377.60866,37561.93658,37820.873419999996,37981.06316,37142.81,1308.52855,516.4635412,1109.5489748,143.7093304357683,66.34057348638115,77.9479326199795,NaN,NaN,50,NaN,NaN,NaN,NaN
1701198000,37971.64,38116.1,37942.93,38064.95,38240,37142.81,37377.60866,37561.93658,37820.873419999996,37981.06316,37142.81,965.89116,562.6886824,1114.6851016,145.81366397607044,69.77089489064338,78.06389555266036,NaN,NaN,50,NaN,NaN,NaN,NaN
1701198900,38064.94,38093.71,38012,38060.69,38240,37166.11,37395.92246,37576.33598,37829.77402,37986.56196,37166.11,449.92368,618.8458948,900.2221251999999,141.2348308349225,69.42304023300306,78.05453072920263,NaN,NaN,50,NaN,NaN,NaN,NaN
1701199800,38060.69,38377,38041.23,38286.51,38377,37247.84,37489.48024,37679.17912,37945.660879999996,38110.51824,37247.84,1826.08884,1220.7599944,843.8172855999999,155.13020006099921,76.19760834743772,78.28362774131574,NaN,NaN,50,NaN,NaN,NaN,NaN
1701200700,38286.5,38300,38082.94,38114.26,38377,37283.7,37517.6662,37701.340599999996,37959.3594,38118.9812,37283.7,817.10773,1180.1229872000001,966.8929968,159.5537571994991,64.46504031040321,77.62890601541572,NaN,NaN,50,NaN,NaN,NaN,NaN
1701201600,38114.26,38187.28,38067.49,38176.96,38377,37302,37532.05,37712.65,37966.35,38123.3,37302,493.6691,1266.0091932,555.0630107999999,156.71348882810636,66.48781486333885,76.7030582237257,NaN,NaN,50,NaN,NaN,NaN,NaN
1701202500,38176.96,38208,38070,38091.82,38377,37302,37532.05,37712.65,37966.35,38123.3,37302,401.03907,966.4130640000001,628.718304,155.3768110546702,61.3785429385933,75.21946156650161,NaN,NaN,50,NaN,NaN,NaN,NaN
1701203400,38091.81,38185.59,38063.33,38185.29,38377,37302,37532.05,37712.65,37966.35,38123.3,37302,422.80425,994.8135180000002,589.4700780000001,153.01132455076484,64.59518384789013,73.91338915248005,NaN,NaN,50,NaN,NaN,NaN,NaN
1701204300,38185.29,38284.66,38161.11,38198.4,38377,37302,37532.05,37712.65,37966.35,38123.3,37302,565.97069,495.8933288000001,584.3430072,150.90694422571045,65.03505142688869,72.41378951036582,NaN,NaN,50,NaN,NaN,NaN,NaN
1701205200,38198.4,38234.04,38120,38145.25,38377,37302,37532.05,37712.65,37966.35,38123.3,37302,428.23555,514.5972856000001,410.09017840000007,148.27359106673117,61.688853916789604,70.54354525401425,NaN,NaN,50,NaN,NaN,NaN,NaN
1701206100,38145.25,38149.21,38075.52,38082.44,38377,37302,37532.05,37712.65,37966.35,38123.3,37302,303.32247,412.76863400000013,435.7801780000001,142.94619170482196,57.89766569935013,68.39211909866596,NaN,NaN,50,NaN,NaN,NaN,NaN
1701207000,38082.44,38109.9,37983.24,37985.31,38377,37302,37532.05,37712.65,37966.35,38123.3,37302,460.02043,383.04476280000006,489.09659320000003,141.78289229733494,52.522146811509664,66.424454715111,NaN,NaN,50,NaN,NaN,NaN,NaN
1701207900,37985.32,38016.73,37934,37943.62,38377,37442,37642.09,37799.17,38019.83,38156.34,37442,422.45833,315.35457240000005,556.6484156,137.56482856181125,50.360844433982464,64.44980895706185,NaN,NaN,50,NaN,NaN,NaN,NaN
1701208800,37943.61,38017.76,37920,37998,38377,37513.19,37698.045340000004,37843.165420000005,38047.02458,38173.14084,37513.19,376.27078,262.23859759999993,533.8844264,134.72162652168203,53.07343247064217,62.8026209769181,NaN,NaN,50,NaN,NaN,NaN,NaN
1701209700,37998.01,38040.6,37946.04,37981.08,38377,37556.62,37732.18132,37870.00516,38063.61484,38183.39032,37556.62,256.96123,241.68567919999995,485.9276168,131.85293891299028,52.119094598933486,61.78680105638614,NaN,NaN,50,NaN,NaN,NaN,NaN
1701210600,37981.09,37991.31,37941.1,37950.01,38377,37603.8,37769.264800000004,37899.1624,38081.6376,38194.5248,37603.8,166.30325,225.24337279999995,447.5622351999999,126.0213004192052,50.32942631974702,60.39812472989354,NaN,NaN,50,NaN,NaN,NaN,NaN
1701211500,37950,37950.01,37814.63,37861.1,38377,37768.62,37898.81332,38001.021160000004,38144.59884,38233.42232,37768.62,321.05173,219.6846248,397.5335032,126.68977896069087,45.51319796342521,58.69027885349512,NaN,NaN,50,NaN,NaN,NaN,NaN
1701212400,37861.1,37929.91,37822,37900,38377,37768.62,37898.81332,38001.021160000004,38144.59884,38233.42232,37768.62,493.79594,307.2524884,338.5006836,125.34836617778464,47.86395035290639,56.66644613960003,NaN,NaN,50,NaN,NaN,NaN,NaN
1701213300,37900.01,37905.2,37833.34,37856.5,38377,37814.63,37934.977179999994,38029.45534,38162.17466,38244.280679999996,37814.63,323.67974,240.7382388,383.97851720000006,121.52776859365721,45.49993298241539,55.31179561617233,NaN,NaN,50,NaN,NaN,NaN,NaN
1701214200,37856.51,37880,37670.97,37775.72,38377,37670.97,37822.06042,37940.67346,38107.29654,38210.37692,37670.97,780.23767,241.11239799999998,592.914934,127.77792797982447,41.409739111230245,53.52050449102172,NaN,NaN,50,NaN,NaN,NaN,NaN
1701215100,37775.73,37819.09,37722.92,37818.87,38377,37670.97,37822.06042,37940.67346,38107.29654,38210.37692,37670.97,341.77477,316.8529436,587.3629963999999,125.5202188384083,44.29060608496577,52.299937572905456,NaN,NaN,50,NaN,NaN,NaN,NaN
1701216000,37818.88,37833.26,37681.1,37687.72,38377,37670.97,37822.06042,37940.67346,38107.29654,38210.37692,37670.97,430.74404,321.24063599999994,626.852228,127.4230603499508,38.15056928353942,50.4110365325947,NaN,NaN,50,38.15056928353942,NaN,NaN,NaN
1701216900,37687.72,37764,37677.96,37763.05,38377,37670.97,37822.06042,37940.67346,38107.29654,38210.37692,37670.97,245.56968,271.38285759999997,577.4195024,124.46712746781152,43.03539213727681,48.839632297622416,NaN,NaN,50,NaN,NaN,NaN,NaN
1701217800,37763.05,37886,37750.21,37884.77,38377,37670.97,37822.06042,37940.67346,38107.29654,38210.37692,37670.97,376.87403,368.21593959999996,501.8641363999999,125.27590407725361,49.918284370353064,47.99887733001981,NaN,NaN,50,NaN,NaN,NaN,NaN
1701218700,37884.77,37916.66,37854.31,37915,38377,37670.97,37822.06042,37940.67346,38107.29654,38210.37692,37670.97,203.72214,394.04863199999994,245.42523199999997,120.78119664316448,51.4860928086252,47.54090783782517,NaN,NaN,50,NaN,NaN,NaN,NaN
1701219600,37915,38093.72,37914.99,38064.82,38377,37670.97,37822.06042,37940.67346,38107.29654,38210.37692,37670.97,618.43283,520.9875152,229.14957280000004,124.92039688293868,58.43145573262723,47.96300133219072,NaN,NaN,50,NaN,NaN,58.43145573262723,NaN
1701220500,38064.83,38087.98,37981.11,38031.62,38377,37670.97,37822.06042,37940.67346,38107.29654,38210.37692,37670.97,320.71044,542.2430063999999,163.88064160000002,123.63108281987182,56.50109476076596,48.40159064124668,NaN,NaN,50,NaN,NaN,NaN,NaN
1701221400,38031.62,38068,37950,38019.93,38377,37670.97,37822.06042,37940.67346,38107.29654,38210.37692,37670.97,337.99724,548.4771487999999,194.6175232,123.2288626184524,55.80205301754751,48.59649210888278,NaN,NaN,50,NaN,NaN,NaN,NaN
1701222300,38019.92,38030.99,37933.01,37934.1,38377,37670.97,37822.06042,37940.67346,38107.29654,38210.37692,37670.97,222.70192,421.7105747999999,259.7152532,121.42537243141979,50.829583980055396,48.504384207534336,NaN,NaN,50,NaN,NaN,NaN,NaN
1701223200,37934.11,37959.57,37866.53,37949.6,38377,37670.97,37822.06042,37940.67346,38107.29654,38210.37692,37670.97,372.60663,498.8067623999999,250.17286159999998,119.39784582917558,51.66719271916814,48.599938950350136,NaN,NaN,50,NaN,NaN,NaN,NaN
1701224100,37949.61,37971.1,37887.99,37902.2,38377,37670.97,37822.06042,37940.67346,38107.29654,38210.37692,37670.97,243.25867,305.36198399999995,293.54797599999995,116.80585684137736,48.922598404166315,48.84346755326021,NaN,NaN,50,NaN,NaN,NaN,NaN
1701225000,37902.2,37907.13,37834,37869.51,38377,37670.97,37822.06042,37940.67346,38107.29654,38210.37692,37670.97,248.30166,296.6729303999999,273.2735176,113.68615278127879,47.06569615105132,48.78644939598485,NaN,NaN,50,47.06569615105132,NaN,NaN,NaN
1701225900,37869.5,37976.27,37846.46,37931.59,38377,37670.97,37822.06042,37940.67346,38107.29654,38210.37692,37670.97,316.78749,316.0771996,245.38534839999997,114.83785615404443,50.878729387776886,49.170649139224956,NaN,NaN,50,NaN,NaN,NaN,NaN
1701226800,37931.59,38003.7,37918.01,37998.1,38377,37670.97,37822.06042,37940.67346,38107.29654,38210.37692,37670.97,266.78897,403.2131519999999,175.88421599999998,112.7558664287552,54.647939368705536,50.11623487190177,NaN,NaN,50,NaN,NaN,54.647939368705536,NaN
1701227700,37998.1,38004.92,37952.21,37957.28,38377,37670.97,37822.06042,37940.67346,38107.29654,38210.37692,37670.97,227.77629,296.40791999999993,224.757312,108.46687596955834,52.010153069304025,50.667631085068784,NaN,NaN,50,NaN,NaN,NaN,NaN
1701228600,37957.29,37974.44,37894.61,37906.75,38377,37670.97,37822.06042,37940.67346,38107.29654,38210.37692,37670.97,328.76355,306.66850559999995,248.6986784,106.42138482887573,48.86579655469675,51.433004461580026,NaN,NaN,50,NaN,NaN,NaN,NaN
1701229500,37906.75,37940.5,37892.29,37940.49,38377,37670.97,37822.06042,37940.67346,38107.29654,38210.37692,37670.97,148.91404,318.5682375999999,197.04389840000002,102.26342876967026,50.99616246647982,52.001630913665956,NaN,NaN,50,NaN,NaN,NaN,NaN
1701230400,37940.49,37956.92,37907.51,37919.48,38377,37670.97,37822.06042,37940.67346,38107.29654,38210.37692,37670.97,120.45659,218.97953199999992,218.10024400000003,98.48818385755068,49.61011345625989,51.97961870551644,NaN,NaN,50,NaN,NaN,NaN,NaN
1701231300,37919.47,37920.28,37871.95,37882.21,38377,37670.97,37822.06042,37940.67346,38107.29654,38210.37692,37670.97,154.37055,141.45996879999996,250.65243920000006,94.90545643915434,47.16135799978994,51.670709076313926,NaN,NaN,50,47.16135799978994,NaN,NaN,NaN
1701232200,37882.2,37902.86,37871.1,37901.51,38377,37670.97,37822.06042,37940.67346,38107.29654,38210.37692,37670.97,141.43977,153.7299495999999,203.84785040000006,90.3950666935006,48.57687871719099,50.96681071806848,NaN,NaN,50,NaN,NaN,NaN,NaN
1701233100,37901.52,37948.89,37886.35,37931.86,38377,37670.97,37822.06042,37940.67346,38107.29654,38210.37692,37670.97,153.0942,157.14469959999994,130.16536040000005,88.40541907253633,50.80859941132025,50.560203907393785,NaN,NaN,50,NaN,NaN,NaN,NaN
1701234000,37931.86,37979.27,37931.86,37965,38377,37670.97,37822.06042,37940.67346,38107.29654,38210.37692,37670.97,159.20584,160.02640359999992,131.40037640000008,85.47717485306919,53.19713824935822,50.37413856680884,NaN,NaN,50,NaN,NaN,NaN,NaN
1701234900,37965.01,37965.01,37921.66,37940.27,38377,37670.97,37822.06042,37940.67346,38107.29654,38210.37692,37670.97,120.29346,160.00682799999996,131.35470000000007,82.46809093499272,51.19928620995279,50.40054586894437,NaN,NaN,50,NaN,NaN,NaN,NaN
1701235800,37940.27,37943.58,37895.65,37939.66,38377,37670.97,37822.06042,37940.67346,38107.29654,38210.37692,37670.97,173.0962,189.94929799999994,108.90249000000009,80.00108443963612,51.148259647189036,50.363479220945855,NaN,NaN,50,NaN,NaN,NaN,NaN
1701236700,37939.65,38040.03,37939.65,38035.73,38377,37677.96,37827.55456,37944.99328,38109.96672,38212.02656,37677.96,194.01917,220.19306359999996,99.69048440000009,81.45672126537622,58.21188738978023,51.02699986277542,NaN,NaN,50,NaN,NaN,NaN,NaN
1701237600,38035.72,38044,37991.09,38014.15,38377,37677.96,37827.55456,37944.99328,38109.96672,38212.02656,37677.96,199.50069,201.26677039999996,137.1793736,79.41766974642101,56.24456008001582,51.6826330005586,NaN,NaN,50,NaN,NaN,NaN,NaN
1701238500,38014.15,38025,37982.2,38008.16,38377,37677.96,37827.55456,37944.99328,38109.96672,38212.02656,37677.96,143.04112,196.74064879999997,135.2396072,76.80212190739114,55.68203728961143,52.02572642211821,NaN,NaN,50,NaN,NaN,NaN,NaN
1701239400,38008.16,38152.9,37994.91,38121.09,38377,37750.21,37884.34306,37989.64378,38137.56622,38229.07756,37750.21,413.60894,331.204652,118.101796,82.60125605686305,63.162334979666845,52.63389753718688,NaN,NaN,50,NaN,NaN,NaN,NaN
1701240300,38121.08,38235.36,38067.08,38174.41,38377,37834,37950.202,38041.426,38169.574,38248.852,37834,579.07754,491.20563039999996,120.4933536,88.7211663385156,66.07397430568298,53.638456196928225,NaN,NaN,50,NaN,NaN,66.07397430568298,NaN
1701241200,38174.41,38177.3,38100,38130.15,38377,37834,37950.202,38041.426,38169.574,38248.852,37834,415.97858,471.2761588,229.20658919999997,87.90536874290754,61.71351987867904,54.556150720069816,NaN,NaN,50,NaN,NaN,NaN,NaN
1701242100,38130.15,38151.09,38067.87,38146.56,38377,37834,37950.202,38041.426,38169.574,38248.852,37834,266.88656,543.4152376,184.02185839999999,87.57069954698514,62.69647358702682,55.39188722868032,NaN,NaN,50,NaN,NaN,NaN,NaN
1701243000,38146.57,38149.99,38045.74,38113.19,38377,37834,37950.202,38041.426,38169.574,38248.852,37834,280.07481,581.7846708,200.4659012,88.76207815077191,59.35908241994183,56.0882421546576,NaN,NaN,50,NaN,NaN,NaN,NaN
1701243900,38113.19,38157.23,38086.02,38096.69,38377,37834,37950.202,38041.426,38169.574,38248.852,37834,287.82741,444.3985488,287.5394112,87.50835828286009,57.72292623587006,56.84263988580618,NaN,NaN,50,57.72292623587006,NaN,NaN,NaN
1701244800,38096.7,38165.36,38083.56,38160.04,38377,37834,37950.202,38041.426,38169.574,38248.852,37834,309.11703,347.21276520000004,276.7409908,87.10061840551315,62.048233216859956,57.804879492925394,NaN,NaN,50,NaN,NaN,NaN,NaN
1701245700,38160.04,38165.99,38097.27,38141.78,38377,37834,37950.202,38041.426,38169.574,38248.852,37834,238.13882,363.97420520000003,188.84364680000002,85.78771709083371,60.13836896814445,58.471291604127124,NaN,NaN,50,NaN,NaN,NaN,NaN
1701246600,38141.78,38232,38100.01,38201.11,38377,37834,37950.202,38041.426,38169.574,38248.852,37834,314.7644,381.21022760000005,190.75876040000003,89.087880155774,64.01418118137983,59.243937527842945,NaN,NaN,50,NaN,NaN,NaN,NaN
1701247500,38201.11,38370,38191.36,38338,38377,37846.46,37959.995559999996,38049.12628,38174.33372,38251.79256,37846.46,995.75887,661.262474,196.98013799999998,95.48446014464726,71.01648271598768,60.6594515639883,NaN,NaN,50,NaN,NaN,71.01648271598768,NaN
1701248400,38338.01,38345,38231.45,38254.87,38377,37871.1,37979.3626,38064.3538,38183.7462,38257.6076,37871.1,485.1808,669.1566096,268.02735839999997,96.77485584860123,62.999396582135816,61.50596134505593,NaN,NaN,50,NaN,NaN,NaN,NaN
1701249300,38254.87,38312.63,38210,38217.39,38377,37871.1,37979.3626,38064.3538,38183.7462,38257.6076,37871.1,298.14744,569.8003764,362.9957556,97.1930804308438,59.725652124723084,61.61408739755185,NaN,NaN,50,NaN,NaN,NaN,NaN
1701250200,38217.4,38228.23,38158.66,38189.17,38377,37871.1,37979.3626,38064.3538,38183.7462,38257.6076,37871.1,391.92027,550.1519392,444.1567728,95.22000325721208,57.310819067985086,61.69024875383537,NaN,NaN,50,NaN,NaN,NaN,NaN
1701251100,38189.17,38450,38075,38281,38450,37871.1,37994.984599999996,38092.239799999996,38228.8602,38313.3796,37871.1,1340.5137,919.4216872000001,485.1867448,115.2042887388398,62.60877310086578,62.18501559749639,NaN,NaN,50,NaN,NaN,NaN,NaN
1701252000,38280.99,38292.71,38171.1,38210,38450,37871.1,37994.984599999996,38092.239799999996,38228.8602,38313.3796,37871.1,623.10929,585.8728656000001,669.6757344,115.66183954320842,56.74500911776361,61.72663517878902,NaN,NaN,50,NaN,NaN,NaN,NaN
1701252900,38209.99,38210,38101.02,38118.47,38450,37871.1,37994.984599999996,38092.239799999996,38228.8602,38313.3796,37871.1,452.08223,584.5489228000001,657.7602492,115.18456529012234,50.21565507839057,60.593898091125276,NaN,NaN,50,NaN,NaN,NaN,NaN
1701253800,38118.47,38157.47,37889.3,37919.4,38450,37871.1,37994.984599999996,38092.239799999996,38228.8602,38313.3796,37871.1,809.87526,605.0180356000001,841.9822644,126.11209634082776,39.555249779213376,59.01116451259202,NaN,NaN,50,39.555249779213376,NaN,NaN,NaN
1701254700,37919.4,37999.85,37912.3,37973.38,38450,37886.35,38006.971099999995,38101.6643,38234.6857,38316.9786,37886.35,478.85795,692.0678292,789.7075428,123.35766088791118,43.08369231980732,57.610251564933485,NaN,NaN,50,NaN,NaN,NaN,NaN
1701255600,37973.37,38048,37878.17,38039.14,38450,37878.17,38000.541619999996,38096.60906,38231.560939999996,38315.04812,37878.17,451.2201,371.9221331999999,754.1357988,126.67711368163194,47.13249736546004,56.73692406104192,NaN,NaN,50,NaN,NaN,NaN,NaN
1701256500,38039.15,38114.75,38013.91,38075,38450,37878.17,38000.541619999996,38096.60906,38231.560939999996,38315.04812,37878.17,368.87333,450.2822939999999,574.081254,124.83160556151513,49.252507322739646,56.13189413867546,NaN,NaN,50,NaN,NaN,NaN,NaN
1701257400,38075,38139.49,38038,38100,38450,37878.17,38000.541619999996,38096.60906,38231.560939999996,38315.04812,37878.17,310.01968,519.0045151999999,448.53401279999997,123.16434802140677,50.73569421657553,55.32385563865514,NaN,NaN,50,NaN,NaN,NaN,NaN
1701258300,38100,38159.01,38054.42,38104.65,38450,37878.17,38000.541619999996,38096.60906,38231.560939999996,38315.04812,37878.17,305.10655,547.6308147999999,218.0002292,121.83760887702083,51.02242623019738,54.67271687165892,NaN,NaN,50,NaN,NaN,NaN,NaN
1701259200,38104.65,38141.26,38058.22,38068.4,38450,37878.17,38000.541619999996,38096.60906,38231.560939999996,38315.04812,37878.17,261.35735,444.91347079999997,233.71733320000004,119.06635110009083,48.64544506766443,53.574950006393536,NaN,NaN,50,NaN,NaN,NaN,NaN
1701260100,38068.39,38189.52,38051.99,38175.12,38450,37878.17,38000.541619999996,38096.60906,38231.560939999996,38315.04812,37878.17,301.64149,391.0651711999999,227.73418880000003,120.38518316436998,55.25446189724464,52.44909137648333,NaN,NaN,50,NaN,NaN,NaN,NaN
1701261000,38175.12,38280,38175.12,38200.01,38450,37878.17,38000.541619999996,38096.60906,38231.560939999996,38315.04812,37878.17,485.57997,423.74303039999984,241.73898560000003,119.27767008120051,56.65551782017305,51.995957179200275,NaN,NaN,50,NaN,NaN,NaN,NaN
1701261900,38200,38245.71,38144.66,38161.09,38450,37878.17,38000.541619999996,38096.60906,38231.560939999996,38315.04812,37878.17,274.5314,369.8812879999999,281.40541599999995,117.97569364682873,53.81783049681144,51.57396992006373,NaN,NaN,50,NaN,NaN,NaN,NaN
1701262800,38161.09,38234.86,38146,38217.46,38450,37878.17,38000.541619999996,38096.60906,38231.560939999996,38315.04812,37878.17,338.41592,430.6897091999999,233.92074279999997,115.89600124348387,57.164308649286774,51.56350489015671,NaN,NaN,50,NaN,NaN,57.164308649286774,NaN
1701263700,38217.47,38244.64,38158.84,38164.77,38450,37878.17,38000.541619999996,38096.60906,38231.560939999996,38315.04812,37878.17,248.91743,409.2835244,250.35095959999998,113.74628686894951,53.27809061859019,50.89702756999417,NaN,NaN,50,NaN,NaN,NaN,NaN
1701264600,38164.77,38245.02,38126.66,38126.66,38450,37878.17,38000.541619999996,38096.60906,38231.560939999996,38315.04812,37878.17,411.10535,317.136802,386.28322599999996,114.07583780688121,50.598694333930204,50.45800508543464,NaN,NaN,50,NaN,NaN,NaN,NaN
1701265500,38126.67,38153.55,38094.32,38113.09,38450,37878.17,38000.541619999996,38096.60906,38231.560939999996,38315.04812,37878.17,273.0826,213.9443224,404.4767575999999,110.15827796353278,49.64137315464264,50.41698494802408,NaN,NaN,50,NaN,NaN,NaN,NaN
1701266400,38113.1,38182.2,38066,38128.26,38450,37878.17,38000.541619999996,38096.60906,38231.560939999996,38315.04812,37878.17,375.75012,286.21058800000003,372.6979799999999,110.58982953756595,50.76287870384952,51.21752987121238,NaN,NaN,50,NaN,NaN,NaN,NaN
1701267300,38128.25,38128.26,37991.37,38052.84,38450,37878.17,38000.541619999996,38096.60906,38231.560939999996,38315.04812,37878.17,616.61228,189.04534800000005,581.1417640000001,112.46841314202548,45.354873086666046,51.379757068845144,NaN,NaN,50,NaN,NaN,NaN,NaN
1701268200,38052.84,38057.45,37885,37900,38450,37878.17,38000.541619999996,38096.60906,38231.560939999996,38315.04812,37878.17,680.79503,206.32045200000002,736.6177,116.75281220330918,36.79903581950811,50.64165267270572,NaN,NaN,50,NaN,NaN,NaN,NaN
1701269100,37900,37920.65,37782,37823.81,38450,37782,37924.952,38037.176,38194.824,38292.352,37782,913.68759,226.4237416,917.5473064000001,118.31689704593006,33.41506578943185,49.510406848898015,NaN,NaN,50,NaN,NaN,NaN,NaN
1701270000,37823.81,37890.27,37583.33,37608.24,38450,37583.33,37768.79738,37914.39794,38118.93206,38245.46588,37583.33,1448.9111,251.61027359999997,1362.6921744,131.78997582836328,26.101481670065624,47.75082023843303,NaN,NaN,50,26.101481670065624,NaN,NaN,NaN
1701270900,37608.25,37762.52,37570,37753.79,38450,37570,37758.32,37906.16,38113.84,38242.32,37570,683.98541,392.63498759999993,1344.9615764000002,136.12783469776568,36.247461488111774,46.695465613998344,NaN,NaN,50,NaN,NaN,NaN,NaN
1701271800,37753.8,37887.83,37710,37804.28,38450,37570,37758.32,37906.16,38113.84,38242.32,37570,856.88355,607.8978903999999,1225.8071816,139.10656079078254,39.35782314975394,46.032064048433305,NaN,NaN,50,NaN,NaN,NaN,NaN
1701272700,37804.28,37859.06,37777.85,37830.75,38450,37570,37758.32,37906.16,38113.84,38242.32,37570,333.40981,674.0208359999999,1020.730148,134.97109216286944,40.98344860064484,45.012705955819044,NaN,NaN,50,NaN,NaN,40.98344860064484,NaN
1701273600,37830.74,37869.13,37710.19,37727.02,38450,37570,37758.32,37906.16,38113.84,38242.32,37570,569.87021,660.2681408,896.9558912,136.6831570083784,36.81817886707851,43.595753173455144,NaN,NaN,50,NaN,NaN,NaN,NaN
1701274500,37727.02,37795.85,37655,37711.64,38450,37570,37758.32,37906.16,38113.84,38242.32,37570,434.71861,654.47793,497.0691059999999,136.98078865063698,36.2302262633179,42.3394957282056,NaN,NaN,50,NaN,NaN,NaN,NaN
1701275400,37711.64,37766,37650,37747.17,38450,37570,37758.32,37906.16,38113.84,38242.32,37570,369.95049,511.82931959999996,514.1037484000001,135.4821608898772,38.66690595678836,41.018252678741426,NaN,NaN,50,NaN,NaN,NaN,NaN
1701276300,37747.16,37823.06,37725.75,37762.36,38450,37570,37758.32,37906.16,38113.84,38242.32,37570,254.98411,343.29747639999994,441.8758156,132.75557796917153,39.727262053745925,40.05033635268113,NaN,NaN,50,NaN,NaN,NaN,NaN
1701277200,37762.36,37762.36,37692.64,37732.77,38450,37570,37758.32,37906.16,38113.84,38242.32,37570,233.90784,315.43692479999993,429.9355792,128.25303668565934,38.33684493275443,39.17448996688285,NaN,NaN,50,NaN,NaN,NaN,NaN
1701278100,37732.78,37732.78,37670,37706.87,38450,37570,37758.32,37906.16,38113.84,38242.32,37570,169.2916,340.0437644,245.0972956,123.57639120811216,37.11246622261451,38.27956804316657,NaN,NaN,50,NaN,NaN,NaN,NaN
1701279000,37706.88,37791.1,37706.87,37791.1,38450,37570,37758.32,37906.16,38113.84,38242.32,37570,169.1664,348.77743519999996,130.1427408,120.7659346932467,43.43903104164383,37.75643606729473,NaN,NaN,50,NaN,NaN,NaN,NaN
1701279900,37791.1,37870,37777,37777.01,38450,37570,37758.32,37906.16,38113.84,38242.32,37570,246.67631,255.05835039999997,174.55215360000003,118.78265364372908,42.66579495175594,37.564359057658294,NaN,NaN,50,NaN,NaN,NaN,NaN
1701280800,37777,37785.91,37679.05,37679.06,38450,37570,37758.32,37906.16,38113.84,38242.32,37570,283.40704,194.99908119999998,245.9805948,117.9310355263199,37.64862067424586,37.62504369013955,NaN,NaN,50,NaN,NaN,NaN,NaN
1701281700,37679.06,37772.64,37670,37772.63,38450,37570,37758.32,37906.16,38113.84,38242.32,37570,210.0539,205.12428999999997,226.31381000000005,116.8388187030113,44.377555046165135,38.40807863704907,NaN,NaN,50,NaN,NaN,NaN,NaN
1701282600,37772.63,37815.93,37714.56,37788.3,38450,37570,37758.32,37906.16,38113.84,38242.32,37570,184.20991,224.0382096,213.36721440000005,115.73390308136781,45.43948468231711,39.7893645664956,NaN,NaN,50,NaN,NaN,NaN,NaN
1701283500,37788.3,37862,37764.62,37862,38450,37570,37758.32,37906.16,38113.84,38242.32,37570,174.67588,226.0216224,213.58759360000005,114.42291000412706,50.25030628418558,40.78956776621516,NaN,NaN,50,NaN,NaN,NaN,NaN
1701284400,37861.99,37932.77,37840.1,37893.14,38450,37570,37758.32,37906.16,38113.84,38242.32,37570,294.15019,298.5166232,160.0821448,112.86913071811786,52.169341534601635,41.7046762222757,NaN,NaN,50,NaN,NaN,52.169341534601635,NaN
1701285300,37893.14,37912.2,37806.43,37827.91,38450,37570,37758.32,37906.16,38113.84,38242.32,37570,217.8779,295.8954576,136.49165440000002,112.36204995253777,47.99310717143601,42.20536612018936,NaN,NaN,50,NaN,NaN,NaN,NaN
1701286200,37827.91,37847.99,37789.96,37836.79,38450,37570,37758.32,37906.16,38113.84,38242.32,37570,163.56064,279.157884,134.63192400000003,108.48118924164214,48.59637961179271,43.04666617338324,NaN,NaN,50,NaN,NaN,NaN,NaN
1701287100,37836.8,37884.72,37820.97,37874.2,38450,37570,37758.32,37906.16,38113.84,38242.32,37570,145.94522,253.70697800000002,144.77695400000002,105.28610429581056,51.16636726357014,44.113533387686964,NaN,NaN,50,NaN,NaN,NaN,NaN
1701288000,37874.19,37884.72,37825,37832.95,38450,37570,37758.32,37906.16,38113.84,38242.32,37570,192.59801,213.93542240000002,191.71736160000003,102.03138256039561,48.29891852060906,44.801534285102726,NaN,NaN,50,NaN,NaN,NaN,NaN
1701288900,37832.96,37855.61,37764.86,37783.02,38450,37570,37758.32,37906.16,38113.84,38242.32,37570,172.4114,138.4698252,218.4874428,101.22556952036736,45.010781339224856,45.178928519779795,NaN,NaN,50,NaN,NaN,NaN,NaN
1701289800,37783.02,37783.02,37631.1,37712.12,38450,37570,37758.32,37906.16,38113.84,38242.32,37570,559.92441,152.1516856,341.6241864,104.84660026891243,40.76666696065473,45.35248723605839,NaN,NaN,50,NaN,NaN,NaN,NaN
1701290700,37712.11,37721.43,37642.01,37675,38450,37570,37758.32,37906.16,38113.84,38242.32,37570,451.50522,147.45048160000002,461.50322239999997,103.03041453541856,38.70875790054258,45.4665080701961,NaN,NaN,50,38.70875790054258,NaN,NaN,NaN
1701291600,37672.89,37770.01,37580.85,37740,38450,37570,37758.32,37906.16,38113.84,38242.32,37570,533.62215,298.689794,465.334682,109.18252778288891,44.03619444146676,45.509162598754884,NaN,NaN,50,NaN,NaN,NaN,NaN
1701292500,37740.01,37785,37740,37770.33,38450,37570,37758.32,37906.16,38113.84,38242.32,37570,168.22881,322.6820996,431.5946964,104.59806151268256,46.37828818448791,45.77434068680717,NaN,NaN,50,NaN,NaN,NaN,NaN
1701293400,37770.33,37783.86,37678.1,37699.33,38450,37580.85,37766.848099999996,37912.8653,38117.9847,38244.8806,37580.85,153.93556,321.943066,424.943394,104.68105711891967,41.95217847768202,46.0817376727669,NaN,NaN,50,NaN,NaN,NaN,NaN
1701294300,37699.32,37740.09,37683.68,37739,38450,37580.85,37766.848099999996,37912.8653,38117.9847,38244.8806,37580.85,114.31379,331.55395080000005,237.08826119999998,101.23312446756799,45.10451532464804,46.13366340694425,NaN,NaN,50,NaN,NaN,NaN,NaN
1701295200,37739,37794.42,37739,37781.77,38450,37580.85,37766.848099999996,37912.8653,38117.9847,38244.8806,37580.85,90.54493,302.7259048,121.53219119999994,97.96075843417016,48.36055714122343,46.342311439723275,NaN,NaN,50,NaN,NaN,NaN,NaN
1701296100,37781.78,37815.68,37774.37,37815.68,38450,37580.85,37766.848099999996,37912.8653,38117.9847,38244.8806,37580.85,103.54102,139.6134164,112.61222759999991,93.91427568887214,50.84971594640088,46.38512641559579,NaN,NaN,50,NaN,NaN,NaN,NaN
1701297000,37815.67,37835.52,37793,37831.17,38450,37580.85,37766.848099999996,37912.8653,38117.9847,38244.8806,37580.85,166.89326,139.2394624,112.45196159999996,90.24325599680961,51.98820103619068,46.37218780856644,NaN,NaN,50,NaN,NaN,NaN,NaN
1701297900,37831.17,37831.18,37790.65,37790.65,38450,37580.85,37766.848099999996,37912.8653,38117.9847,38244.8806,37580.85,89.57046,136.6648584,89.28052559999995,86.69230913989455,48.803594188075394,46.430079738326405,NaN,NaN,50,NaN,NaN,NaN,NaN
1701298800,37790.66,37820,37720.51,37820,38450,37580.85,37766.848099999996,37912.8653,38117.9847,38244.8806,37580.85,147.48569,157.75184559999997,81.46229839999997,87.60642991561622,51.13835539040127,46.61164943679845,NaN,NaN,50,NaN,NaN,NaN,NaN
1701299700,37819.99,37858.16,37781.1,37845.85,38450,37580.85,37766.848099999996,37912.8653,38117.9847,38244.8806,37580.85,223.94117,195.10279279999995,97.46984719999999,86.85311349307256,53.1642533555953,46.75435558622881,NaN,NaN,50,NaN,NaN,NaN,NaN
1701300600,37845.85,37865,37831.32,37865,38450,37580.85,37766.848099999996,37912.8653,38117.9847,38244.8806,37580.85,173.49069,214.68870039999993,105.8638076,83.05503395785311,54.66389204285604,47.2089965521036,NaN,NaN,50,NaN,NaN,54.66389204285604,NaN
1701301500,37864.99,37865,37794.51,37854.64,38450,37580.85,37766.848099999996,37912.8653,38117.9847,38244.8806,37580.85,140.41759,207.27551279999994,102.68672719999999,82.15753153229204,53.66283582508317,47.827000443950624,NaN,NaN,50,NaN,NaN,NaN,NaN
1701302400,37854.65,37854.65,37774.17,37776.53,38450,37580.85,37766.848099999996,37912.8653,38117.9847,38244.8806,37580.85,202.89565,211.80852039999996,143.48379559999998,82.03770785141425,46.71644422701222,48.251984534404734,NaN,NaN,50,NaN,NaN,NaN,NaN
1701303300,37776.53,37865.21,37762.16,37770.24,38450,37580.85,37766.848099999996,37912.8653,38117.9847,38244.8806,37580.85,258.67442,169.06064879999994,230.70715919999998,83.5385858620272,46.19784005606046,48.78691897408458,NaN,NaN,50,NaN,NaN,NaN,NaN
1701304200,37770.24,37844,37770.23,37818.52,38450,37580.85,37766.848099999996,37912.8653,38117.9847,38244.8806,37580.85,214.84812,183.70244439999996,212.42814359999997,82.84082972902503,50.71992661484862,49.264328415040424,NaN,NaN,50,NaN,NaN,NaN,NaN
1701305100,37818.52,37843.85,37778.94,37778.94,38450,37580.85,37766.848099999996,37912.8653,38117.9847,38244.8806,37580.85,97.81234,139.03754479999998,226.8217032,81.56005617695155,47.216251135291465,49.32418291152639,NaN,NaN,50,NaN,NaN,NaN,NaN
1701306000,37778.95,37783.02,37721.49,37727.66,38450,37580.85,37766.848099999996,37912.8653,38117.9847,38244.8806,37580.85,160.88659,106.15608319999998,267.89076480000006,80.12933787859778,43.06545671208779,49.40370278541251,NaN,NaN,50,NaN,NaN,NaN,NaN
1701306900,37727.66,37788,37722.15,37776.99,38450,37580.85,37766.848099999996,37912.8653,38117.9847,38244.8806,37580.85,140.83733,148.741696,200.48182400000002,79.10938517298355,47.81782091304466,49.597510327440844,NaN,NaN,50,NaN,NaN,NaN,NaN
1701307800,37777,37811.1,37763.96,37775.44,38450,37580.85,37766.848099999996,37912.8653,38117.9847,38244.8806,37580.85,137.70856,143.9030616,156.93411440000003,76.82585766062755,47.683140638518196,49.54912343439047,NaN,NaN,50,NaN,NaN,NaN,NaN
1701308700,37775.43,37783.86,37699.93,37703.42,38450,37580.85,37766.848099999996,37912.8653,38117.9847,38244.8806,37580.85,148.82312,72.5106632,201.91651280000002,77.33329639915418,41.79302143922918,48.9022166838782,NaN,NaN,50,NaN,NaN,NaN,NaN
1701309600,37703.43,37741.11,37686.84,37737.64,38450,37580.85,37766.848099999996,37912.8653,38117.9847,38244.8806,37580.85,120.68029,102.38865080000001,181.18570520000003,75.68591808492917,45.25343254786045,48.42116179185462,NaN,NaN,50,NaN,NaN,NaN,NaN
1701310500,37737.64,37820,37704.52,37819.99,38450,37580.85,37766.848099999996,37912.8653,38117.9847,38244.8806,37580.85,133.25387,143.92458040000002,128.59668760000002,78.52835250743445,52.562219231267264,48.68963500922547,NaN,NaN,50,NaN,NaN,NaN,NaN
1701311400,37820,37916,37795.48,37878.81,38450,37580.85,37766.848099999996,37912.8653,38117.9847,38244.8806,37580.85,288.82438,197.19991840000003,134.5161696,81.52775589976032,56.98000680611996,49.10689582463395,NaN,NaN,50,NaN,NaN,NaN,NaN
1701312300,37878.81,37906,37871.96,37876.05,38450,37580.85,37766.848099999996,37912.8653,38117.9847,38244.8806,37580.85,206.70602,199.95981680000003,159.35525520000002,78.13577333549179,56.7131165462062,49.36038605253473,NaN,NaN,50,NaN,NaN,NaN,NaN
1701313200,37876.04,37876.05,37876.04,37876.05,NaN,NaN,NaN,NaN,NaN,NaN,NaN,0.00281,194.00745400000002,105.779494,72.55536095438538,NaN,NaN,NaN,NaN,NaN,NaN,NaN,NaN,NaN